objid,label
588017704018247903,0
587734949658165500,0
587742903938121768,0
587725551197618399,0
587724649263005925,0
587742774024863839,0
587741721210847366,0
587725577497018593,0
587732702314955073,0
587741600959889429,0
587736920507023540,0
587726101482307779,0
587736813131530479,0
588017992312750088,0
588017604143612063,0
587736618787668371,0
588010359624302766,0
587739810491728240,0
587736752466559279,0
587737825680031909,0
587735428544856096,0
587735043080126609,0
587745539446997022,0
587733609088024824,0
587732771037184214,0
587739156580401228,0
587734948052140263,0
587739845924356334,0
587741817324372212,0
587736898498789583,0
587736619866915417,0
587731889504780386,0
588848899916169423,0
587729777452974575,0
588017990147834002,0
587742189907476638,0
588017625079546000,0
587742013803659420,0
587728949585314094,0
587738568172437552,0
587729158446055434,0
587731174379356816,0
588010358003400883,0
587739651567845579,0
587739458301329582,0
588848898825912499,0
587725551743729702,0
588017979415461943,0
587731186191171994,0
587732484349624414,0
587741603109667094,0
587742061625147606,0
587732772664705156,0
588011217535631526,0
587739829276115093,0
587735346966429775,0
587729387147558931,0
587736921042977165,0
587726033306386532,0
588013383820509251,0
587736542547804285,0
587736546313765099,0
587739719771488486,0
587742775100309650,0
588017704542273687,0
588011219139690687,0
587725994109698243,0
587731513683673213,0
587725552807379133,0
587730022263423235,0
588848900468179188,0
587745403069661616,0
587729227686019285,0
587731874459746690,0
588010878766219308,0
587731185136435335,0
587731521738965207,0
588009370147750019,0
587732134844104823,0
587728879266365579,0
587731185127260326,0
587733398094741548,0
587738617019957388,0
587732590105133208,0
587739631169962140,0
587729752742232202,0
587735695371403416,0
587739721913794608,0
588017992311636190,0
588017724948086841,0
587735742075502719,0
587745540515234020,0
587739721907437725,0
587732152571396212,0
588017726553194587,0
588017990158516314,0
587736619864949260,0
587732135385301173,0
587739609699516426,0
588018055657881687,0
588018055665287531,0
587739376155230571,0
587732048412606560,0
587735696977363076,0
588017729769111654,0
587733398101295297,0
587733081893044354,0
588017724947497171,0
587726033340924156,0
588010877682122833,0
587736525912211594,0
588017728156401790,0
587731185132568693,0
587739706878460005,0
588016879361655150,0
587729386083254429,0
587742627450847379,0
587736899574366255,0
587739708488482958,0
587728880345743472,0
587738617555714143,0
587731886810988824,0
587729227153014978,0
587731185673175161,0
587732136462188643,0
588010879295619255,0
587741489289101439,0
587742589332554205,0
588017704533229596,0
587742774022373451,0
587729409153106122,0
587729752743805206,0
587731913110716573,0
587731886811578683,0
588017704534933663,0
587742061092143427,0
587735349113585809,0
587739827676250465,0
587733081355583591,0
588848899376021660,0
588017567095586930,0
588017991239532710,0
587729158444548284,0
587731868018737318,0
587735348024377596,0
587733399714267271,0
587739706340278385,0
588011103177736321,0
588848898842361901,0
588017110219554936,0
587739720299053120,0
588295842316877930,0
587739407319761026,0
588011124653621388,0
588017703476854823,0
588017978898907390,0
587734304341229784,0
587731680649871534,0
587725816958943383,0
588011102103404691,0
587742061095420134,0
587726014006886608,0
587739098598539378,0
587742062162673912,0
587741603109142593,0
587739707410809083,0
588009371221229653,0
588017702956433722,0
587742015426592924,0
587738946136178804,0
588010359614406865,0
588017992832647304,0
588015509275541670,0
587736964531159197,0
587739829276442814,0
587734303805538564,0
587741603106127947,0
587735696980181029,0
587736543102697796,0
587732577772699872,0
587739458835513390,0
587742773491662946,0
587738195049775200,0
587742012732932232,0
587732152569823340,0
587742008968478844,0
588017626692255904,0
587722983892517027,0
587738565479170551,0
587741392110682322,0
587742901791752351,0
587745243626405989,0
587728880338927744,0
587726033305206878,0
588017977822675124,0
588017702402523244,0
587742568937226280,0
587741490895716621,0
588010878221680761,0
587725039017132169,0
587741532770664487,0
587741490362515488,0
587738570857054239,0
588010358549971059,0
588023721781821471,0
588017730836168836,0
587732771586703398,0
587735666915082452,0
587736942528364878,0
588017979428962461,0
587725994111926517,0
587739406776008908,0
587739719764476056,0
587739609700237384,0
587736813130744005,0
587728930274082884,0
588017713121067193,0
588013382722322720,0
587736586049094001,0
587726015617040409,0
587735491359801628,0
587729408622854531,0
587739720298659873,0
587732770497691824,0
587739458295234746,0
587738951488176235,0
587738065654841461,0
588018055659782309,0
587742060006408282,0
588015509281898615,0
587725041709613197,0
587725550142554237,0
587742774567764087,0
587742775637049395,0
587725818033799200,0
587738371670802516,0
588848901004329189,0
587732052706590962,0
587731500795363521,0
587736524835324246,0
587739720308359425,0
588007004694708538,0
587741603102326985,0
587732054316023966,0
587741707800084509,0
587739296160284872,0
587739115237408967,0
588017604698243278,0
588017605217550430,0
588017703999438969,0
587741600426295417,0
587738570856333412,0
588017111826694275,0
587742774549741748,0
587728931335504238,0
587735044154720502,0
588017704013463715,0
587735664766615685,0
588017725471391799,0
587735697516986493,0
588023720175075494,0
588017626708902112,0
587732054850666807,0
587742863136260253,0
587732054307832204,0
587725550655832155,0
587739719758774446,0
587741725506863271,0
588016878290534607,0
587731520662798385,0
587724650864181390,0
587739406793572367,0
587729652887519466,0
587739407314714719,0
587725816406016127,0
587729386598105230,0
587725074995282121,0
588848901009637497,0
588011219671842947,0
587734622704107750,0
587742629592956994,0
587739131890237466,0
587741817322340511,0
588017730305392743,0
587732053246148874,0
588017726005969027,0
587729970181701921,0
587726033326899318,0
588007004727214257,0
587739629558235227,0
588017990701285501,0
587736897963360511,0
587722983891140729,0
587745402538950854,0
588848898840002779,0
587725993040478475,0
588007003646918802,0
587728309634793598,0
587741816236212535,0
588848900979294362,0
587742775104766124,0
587742062168178970,0
587732578304720908,0
587732157927194915,0
587739114705125481,0
587728880331784449,0
587731186201919691,0
587739646211194930,0
587736812596625655,0
588017948272689266,0
587729386078339297,0
587745243621884044,0
587733079729897624,0
588017991775814007,0
588017978908409886,0
587739827136561315,0
587741817859932392,0
587729386605052112,0
587745243621359915,0
587739096449810521,0
587728309638398064,0
587733424944185465,0
587732702871814305,0
588298663576928283,0
587732577762738571,0
588010879844483246,0
587725816425545895,0
587736542563598713,0
587728879806382330,0
587741391574794425,0
587726101488861318,0
588848898845376555,0
588016840167653760,0
587739810498150691,0
587729226609721465,0
588017703487471816,0
587733432995217682,0
587733081882624136,0
587729774754201771,0
587725817493061859,0
587731892187824319,0
587735430151733398,0
588018091079958687,0
587741533863018577,0
587731869634592860,0
588017724406890621,0
588013382723829848,0
587736545239499245,0
587729773685309622,0
588017677691388172,0
587739294015553580,0
587738948823744597,0
588011102108254330,0
587739506087624842,0
588017947214938217,0
587738948283793528,0
587733081890684954,0
587738569239232613,0
587742550151463260,0
587733411531915534,0
587727944571355282,0
588017947756462367,0
587742903937204351,0
587729773684064530,0
587733604804460676,0
588013384354037845,0
587731889505632409,0
588010359075504301,0
588017703478034543,0
587736920507089176,0
587725491064668330,0
587732772661952566,0
587736584974631085,0
588017605750554727,0
587732156314747507,0
587732048946200746,0
587745403603583589,0
588017978900152472,0
588848899360489674,0
588007004700999839,0
588297863116357695,0
588013383262273826,0
587739706868039785,0
587736812059623589,0
588017992297021559,0
587736900109402318,0
587736919432364388,0
587729776903651384,0
587741821064577133,0
587731870166876223,0
587736584437039455,0
587742009507774849,0
588017991237435798,0
588017979420967083,0
587725816425349167,0
588017703491404035,0
588018090547806561,0
588015508198391918,0
587732590646984895,0
588023046403129479,0
588017949894836353,0
587742775623286797,0
587735662085341310,0
587732703391383690,0
587732135382089788,0
588017114520879237,0
587733425480859714,0
587732483808428266,0
587736583888502940,0
587741709959037147,0
587729386610229376,0
587735665844813974,0
587736942528888888,0
587737808491839940,0
587728918450995391,0
587741816788287617,0
588018254304051593,0
587732484355719331,0
587742573224591532,0
587731513684656284,0
587738065657528433,0
587732591181824124,0
587742774013001872,0
587729228227936388,0
587729752211390935,0
587741601498071083,0
588010358545645636,0
588017702391382144,0
587735347495239834,0
587739408396845129,0
587738409255174234,0
587732049482874963,0
587735697522688076,0
587734891683315796,0
587732134312149107,0
587732591720399032,0
587729227422367876,0
587738067275678007,0
587742012743549090,0
587744874788028807,0
587727866179682849,0
587739809411367073,0
587738947207168136,0
587741708879855731,0
587742863133376601,0
587726033857871973,0
587725551201222798,0
588009367472832687,0
587726015628509532,0
587736546315272684,0
588017979441152021,0
587739379913261183,0
588017116663840844,0
588017703477051476,0
587734949132107880,0
587741828583915618,0
587732590644166773,0
588017702407372959,0
588007005252485269,0
587735489752400130,0
588016879364669651,0
587736975808397494,0
587736963460104399,0
587739302612500593,0
587726016689275074,0
587726015626412200,0
587722984440529101,0
588017704001339523,0
587736547385999692,0
587726032796844166,0
587737826216116476,0
587742015423774970,0
587726033873535145,0
587739610231734427,0
587742013282320652,0
587742551229137225,0
588011122511904882,0
587736620394414220,0
587731187810894087,0
587729388210421772,0
588017978361905301,0
587731186735972471,0
588017111297359950,0
588018090551607968,0
587739132422848650,0
587736941444595730,0
587731512605802627,0
587732769987231856,0
588010360693850227,0
587738371673817387,0
587738197191295211,0
588297865267839068,0
587741601493024865,0
587733081886556267,0
587736523757060252,0
587739844850024625,0
588018091615519026,0
587741533300981867,0
587742061600440405,0
588848899362717861,0
588023668098203778,0
587734948583637187,0
587742628526031103,0
587724650867458138,0
587738568172109920,0
588848899357081774,0
588010879839502448,0
587739827661832354,0
587742571077042304,0
587734893288095890,0
588017702386270301,0
587742552285446249,0
588011217522786370,0
587732484341694640,0
587734892210421871,0
587728307491569822,0
588015509818835068,0
588017978359808095,0
587738946147713143,0
588848899903455262,0
587739706881933526,0
587745243626274855,0
587739610245169278,0
588010135727112404,0
587732483299213469,0
588016879366897901,0
587729386604593294,0
587732156315533410,0
588017729230405672,0
587739648347472032,0
588848899894542580,0
588017978904477930,0
587732583128105058,0
587741815708254457,0
587742062693712044,0
587734623246942346,0
587735666388172902,0
587733412057710772,0
587725041702666404,0
587739377780916375,0
588017729231126613,0
588848899357999215,0
587734950207619184,0
588023670243852311,0
587735666380439731,0
587734863220244588,0
588007005807640922,0
587742014891884707,0
587738067271876808,0
587738615954014304,0
587736753545871653,0
587742566780502132,0
588297863116947549,0
588017703470170166,0
588011123574571102,0
587739647816368180,0
587741709958447267,0
587734622171365533,0
588297863117209705,0
587726031730901220,0
587729777453892074,0
587736545780564450,0
587725074457690158,0
587736545238122790,0
587736543632490709,0
588010877690183810,0
587732772662935789,0
587738948824465514,0
587732048406052998,0
588017978346111172,0
587732703393611844,0
587741816769413692,0
587739385279152370,0
587732576696991864,0
588013383818870875,0
587742062157365415,0
588017726018945129,0
587739844323115390,0
587729776907125019,0
587725074459001050,0
587739646200840269,0
587742014359011421,0
587742013832495245,0
587728949588066458,0
587738067804225696,0
587741727113609288,0
587733433529860349,0
587741489830297711,0
588015508728512584,0
587739407836512398,0
587737808500555970,0
587732769983627523,0
588010878758289518,0
588017627782512665,0
587730846354899377,0
588017115591737518,0
587739457764393188,0
587739709017227362,0
587742061096796379,0
587733410992423189,0
587742061063438437,0
587732482212692109,0
587737808502980616,0
588017979424112776,0
587731187268387017,0
588017978875969794,0
587742191523922073,0
587732771032006868,0
587741709411680422,0
587729158431178819,0
587734691425747196,0
587731514222182616,0
587734622714134648,0
587741602032123958,0
587736782541226122,0
588013384338768148,0
587731185115005348,0
587728668807987418,0
587739407326183499,0
587725576960213171,0
587739405706657894,0
587739707406745749,0
587725469591535959,0
587729752749375652,0
588015508218839163,0
587737826747810038,0
587732156852601253,0
587725994110091448,0
587733410989998314,0
588013382193053875,0
587736919971070251,0
587738952030879898,0
587732771588866223,0
588017725483843752,0
587739843775234225,0
588017721711919318,0
587729971787465096,0
587731187810435213,0
587742865816879197,0
588017606303547523,0
587735240639512747,0
588017729231454341,0
587741722287276072,0
587731872852803768,0
587732053237170665,0
587729158431375482,0
587735665303290018,0
587731868557705405,0
587730023336378640,0
587732134313984098,0
587739720310784069,0
587741707798642873,0
587725578033496323,0
588023239671283876,0
587730846889476581,0
587724648181596283,0
587739610246021252,0
588298664119435343,0
587742594157904033,0
587728307494060058,0
587739720296562700,0
588018253214515236,0
587732053234679926,0
587738065656152313,0
587742015419515006,0
587742060537053283,0
588017723858419852,0
587732136462975022,0
587745539981967404,0
587741568198901849,0
588017949346037835,0
587730023334215926,0
587739719213252622,0
588013382204129347,0
587741488763633699,0
587739407879700703,0
587742609731289220,0
587737809026941322,0
587729747912950024,0
587738197192671384,0
587742628524392743,0
588010135731372200,0
587728947976143036,0
588007004735144145,0
587736542553637204,0
587741390502559902,0
587742188831899784,0
587738953106587800,0
587730022258573481,0
587738066730811658,0
587731185120510274,0
587732482737963122,0
588015509293957242,0
587742061089194131,0
588023720709652622,0
587741531702689932,0
587739828744421455,0
587725552268804121,0
587730022798721032,0
587735695379791997,0
588017625632211189,0
587738947756687430,0
587742568399372423,0
587739099129446577,0
587742773482488009,0
587733425480859679,0
587741421095354408,0
587738575146778867,0
587739303681589402,0
587742009505940023,0
587739828752941386,0
587739405720027325,0
588017605216239771,0
588018090011066611,0
588018091080351786,0
587731885735084200,0
587725489987780876,0
588017109688057935,0
587739506626986108,0
587742863672475822,0
587739827129286746,0
587738946662957325,0
587741817859735729,0
588017978911817873,0
587728947974373582,0
587727865644319076,0
587738615947984991,0
587735043619160191,0
587739376171548833,0
587739376171286604,0
587728918451454149,0
587736915147096094,0
587732048940957889,0
587731187277561967,0
587741601498923085,0
587738195040534719,0
587739721374892188,0
587734305955512565,0
587738067803832524,0
587739647281856674,0
588010878758617137,0
588007004732129399,0
587742060009619557,0
588011219137265667,0
587739158721003695,0
587736914606424312,0
587739132427698385,0
588017990703448318,0
587730022257459393,0
587727944033173508,0
587739706882851062,0
587729653963030857,0
587729387676500221,0
588017114512883876,0
587734949133746252,0
587741602033565894,0
587737808490856803,0
588017730299625579,0
588017603606544527,0
588018054581780638,0
587728310170222637,0
587736753546789288,0
587725817494962197,0
587741727654740106,0
587731187817381984,0
587732702331273499,0
587736812058443987,0
587724648189984909,0
587739721379152112,0
587733397571829976,0
587739158728278244,0
587739844848386275,0
587741829122555933,0
587734948597006400,0
587739382066184389,0
588013383814414458,0
588017979428044914,0
588017724942123174,0
587745403080671258,0
587741532785148093,0
587739504475373665,0
587735491360325802,0
587725992502820896,0
587739813702140158,0
588007005781098662,0
587739609714065506,0
587741531710619789,0
588011124118257823,0
587733399709941860,0
588023722322100391,0
587729777449304218,0
587729782274654735,0
587742864751722608,0
588017627756101830,0
587732153101451376,0
587742008973787255,0
587729159502364801,0
587739609171230835,0
588295841779482792,0
587742578060886173,0
587725816407720092,0
587733399714791454,0
587726014547165417,0
587729752743280928,0
588018253214515353,0
587742567316127933,0
587742014880088213,0
587736479200837667,0
587738947196682425,0
587739098604961917,0
588023046403129643,0
587722982282100948,0
588295840172802159,0
587736915151946342,0
587742567862763692,0
587725470662984015,0
587725469059252334,0
588017730300608638,0
587728918446473326,0
587742550688727307,0
588015509823684734,0
588013382725796115,0
587738410866901152,0
587726032806281380,0
587732771050553496,0
587739706333462599,0
587741722819690678,0
587738409791914182,0
587741488765403149,0
587741709417447483,0
587732770524889122,0
587729386604658786,0
587731522278588669,0
588011218072502491,0
587732134847381697,0
588017110750724181,0
587739720841887992,0
587734891682791520,0
587739707410677775,0
587730023330808049,0
588297864186953830,0
587737826758230101,0
587739809414316144,0
588018254290223169,0
587745403078639861,0
587722981751259363,0
587739720837628090,0
587741387812569408,0
587731499182260383,0
588010359088218326,0
587742062136197212,0
587728949047656615,0
587741602039332981,0
587735694833483859,0
587733410992226531,0
587739376705601611,0
588023669705343180,0
587726102564241573,0
587739706338705473,0
587736941982187569,0
588013382722322724,0
587732049479598135,0
587741489834557519,0
587736584975810921,0
587742014903943436,0
587742610800705620,0
588297864187281499,0
587734690346762619,0
588017704002977855,0
587742568391770221,0
587732703405670492,0
587732769976483884,0
587726016156336413,0
588017948809363603,0
587741600426754181,0
588017703457325257,0
588007004703490184,0
587731868553379957,0
588017566027546768,0
588017724407283943,0
587732703405670462,0
587739407327952982,0
587733410991112360,0
587742060550947128,0
587727942957596804,0
587742013834264776,0
587742627445866682,0
587733442656469131,0
588011102643749020,0
588023669167751300,0
587729774220476613,0
588017566023155844,0
587736963995140193,0
588018055129530895,0
588010878766874765,0
588007003641675947,0
588010879829016678,0
587738195579830471,0
587742061625147420,0
588017979427782748,0
587741710490992734,0
588017978349453501,0
587734622169858229,0
587731514217070719,0
587741533322149927,0
587736914607997029,0
587739720839659596,0
587731872314097846,0
587736542551343321,0
587742014375788809,0
588023240206254179,0
587728918447259718,0
588015509813985321,0
587739709016637539,0
588011219681738948,0
587742550691480148,0
588015509822963723,0
587726016156598396,0
587736584977449391,0
587731680656752726,0
587732482227896451,0
588017978367803583,0
587739408394158125,0
587738947746726115,0
587733411517825161,0
587725041166254194,0
587737826209825118,0
588016878830223382,0
588017567629836366,0
588017725476962448,0
588009366934651053,0
587734949664653521,0
587733398099067031,0
587733081879085174,0
587741721209208980,0
587741815713955937,0
587725818563788876,0
587738372208329042,0
587735489745125546,0
587739707410088091,0
587732772660904045,0
587739303686766610,0
588298664648704193,0
588023669169782964,0
587735043614769291,0
587741602022096988,0
587736809374875826,0
587733411531260081,0
587732157389734281,0
587736916760986053,0
588017725484236965,0
587742190439039115,0
587734621637247031,0
587733080272732248,0
587722984447082846,0
587736940910608542,0
587732484343333058,0
587742567321108667,0
587734949668257807,0
587742611347734651,0
587739457765179581,0
587739844855267607,0
587724649261170738,0
588018090547347694,0
587738947201073330,0
587739406756741415,0
587739721369255994,0
587742774548365476,0
588017979415593106,0
588013382728679668,0
587725504485654832,0
588007004704276707,0
587739114706370791,0
587742551752048671,0
587735489749778634,0
587741602561916959,0
587735666382929954,0
587739708480815347,0
587741816244928622,0
588017991239401741,0
587736523758305399,0
587734949659869421,0
587728668801040844,0
588848898847670376,0
587739609705808000,0
588017978910966017,0
587728879796813858,0
588017110221717620,0
587731868021096476,0
588017569241366649,0
588023668096237679,0
587728930798174502,0
587732483829989564,0
587742550145106182,0
587731870702698618,0
587745540511760608,0
587742062672412799,0
587742774019293293,0
587742015421546645,0
587741722821525608,0
587742903939760172,0
587742774550003865,0
588011125185511446,0
588017729762427001,0
587738409785819483,0
587738947734929656,0
587741491433177286,0
588017722261045317,0
588017605749899416,0
587736921043304651,0
587738574069170418,0
588016526098235544,0
587732483295477898,0
588011216992796813,0
587731186205261927,0
587738618091405340,0
587741709959823426,0
587741489303650400,0
587733603717021863,0
587741602021245038,0
588011217535697087,0
587734690350825753,0
588013384341782675,0
588017730300280906,0
588848901537988759,0
587726033846534334,0
588848898855076038,0
587742550143795426,0
587729777976082655,0
587732701262250088,0
588017979424833660,0
587745243093336194,0
587739827676709149,0
587736543099683022,0
587726014536155221,0
587735663160852485,0
588015508203044969,0
588007003642265662,0
587731870171332814,0
588017111834558597,0
587738948831936590,0
587722983372751056,0
587732772127899809,0
587736804545921146,0
587739607546200095,0
588017567100305442,0
587744729296208176,0
587732702861852947,0
587741722820739228,0
587736783074427171,0
587735044152623112,0
587729387150901398,0
587741602562048118,0
588018254301036779,0
587734948594450442,0
588007005239377980,0
587742610271371370,0
587728879803236600,0
587733608015134955,0
588017627219820603,0
587735349109981286,0
588007004162556085,0
587739406237696084,0
588017678765916261,0
587725980152889525,0
587739720299905204,0
587741602026488061,0
587738615419371636,0
588848899904831666,0
587734863220965518,0
587726031169126431,0
587742577514512519,0
588297864184725600,0
587739506616041617,0
587728309103165649,0
587739651571581234,0
587738615951261811,0
587736546848342259,0
588848899369926713,0
587731870709055583,0
587732484897964195,0
587738067271418005,0
587725979614576743,0
587739405711376462,0
588018056730968307,0
587735662088880278,0
587738617560105088,0
587739815314587714,0
588013382719373844,0
587739131351728405,0
587724650876108985,0
587738066193613118,0
587725076067844321,0
587735661549977614,0
588017979447050430,0
587726100952711402,0
587731889506156627,0
587737809030283556,0
587741602035793993,0
587736807225950348,0
587742013798875412,0
587742627989553419,0
587729772606587031,0
587733079205478483,0
588017979453538524,0
587731892189790286,0
588009371758493777,0
587742568398717136,0
587732590642593853,0
588010359606083670,0
587742628523147284,0
588023668099383299,0
587739115780178149,0
588017947740602476,0
588017566559305873,0
587733398638428338,0
587739406775943280,0
588023047483555899,0
587735343718204000,0
587735042537029835,0
588017677693485303,0
587742567319404639,0
588016879903703223,0
587742550675292313,0
587742061594935495,0
587725076068106290,0
587725469054075230,0
587731513679413449,0
587736543634587701,0
588017704029651161,0
587735347499827302,0
587745403070775653,0
588007005773955306,0
587735043614834829,0
587732135384186992,0
587732702862442746,0
588017948829483224,0
587742061619904625,0
587733399183556810,0
588015509813985406,0
587725816948195428,0
588017948819980434,0
588017979975598200,0
587731513680593015,0
587732471463411942,0
587724650337403121,0
587728665580536038,0
587735236343300241,0
587739809952891045,0
587738570315857966,0
587742903940677774,0
587726102563389560,0
588017725481418969,0
587731869092741194,0
587739377239326726,0
587739505012375661,0
587742189366804723,0
587732134314246192,0
588010878222663904,0
588017626155843754,0
587736543087689899,0
588016841786654933,0
587741708343181347,0
588018252683935899,0
588017604676616280,0
587739829276311649,0
587729232518643962,0
587739828739899580,0
587731872850772203,0
587734622712037508,0
588017978908016863,0
588848898831155399,0
587725469062398061,0
588017947202748519,0
587736942521679985,0
588017702388301992,0
587733441584365619,0
587736804009377807,0
588018254301626469,0
587742775092707427,0
587741490355372148,0
587739844854677770,0
587735346960072859,0
587725590381723876,0
587739166773936358,0
587742775098343520,0
588298664111833229,0
588009365868970108,0
587725041172021362,0
587741815710351379,0
587741533848535239,0
588011123576864946,0
588015509802582058,0
587728948510326920,0
588015508731723912,0
587739115236425991,0
587731870168449235,0
587735696977559616,0
587742061589954722,0
587738409786146956,0
587745243628044478,0
588017977275646032,0
587739302608240718,0
587731514220871824,0
587735665314037861,0
588011219145457914,0
588017626161414347,0
587733081351716992,0
587736525911884006,0
587739844312301710,0
587732771053764807,0
587742014909382993,0
587739407879635306,0
587742062130823327,0
587735489215529148,0
587739810490679468,0
587726101494169922,0
587726016159940720,0
588010879298109578,0
587745243086061664,0
587742904476500062,0
587739828212793681,0
587739132425273703,0
587735428542562395,0
587739721907568739,0
587741829122555949,0
587739609710198868,0
588017978875707548,0
587735349648752738,0
587729752210473002,0
587742062692860033,0
587732702850908298,0
587730022795116911,0
587737810106515787,0
587738570314481783,0
587739827679003020,0
587725471208571081,0
587739459905847465,0
587729653426094167,0
588017704000290938,0
587737807967289480,0
587739844311056677,0
587732591177433273,0
587726031693807790,0
587739407857352833,0
587728950124216525,0
587742571076845701,0
588013383794688442,0
587741602563948714,0
587729747912556715,0
587736619860951372,0
587731174380142885,0
587729971790544911,0
587733431926129278,0
587729386071982136,0
587738066193219798,0
587739158192849056,0
587729652890534266,0
587736809918824581,0
587742191520514190,0
587736940372492377,0
587742013812768873,0
587739809954267311,0
588016840706490762,0
587742060513263828,0
587741816252137614,0
588018253761544410,0
587745244690055421,0
587739167312969958,0
587739407330115602,0
587726100953628845,0
587739720841887941,0
588017564950397044,0
588017949889134687,0
587739407340601616,0
588848898849570908,0
588017605751013503,0
587725576423211365,0
588017979443773499,0
587736619327357125,0
588017569775222907,0
587742903399809208,0
587742576449159274,0
587739720842019053,0
587722984443281587,0
587733610163339586,0
587738948818436175,0
588017604683104377,0
587728309636038777,0
587728905563603214,0
587733398641377506,0
588013383809433750,0
587731500261441571,0
587735664778346726,0
588007005792960670,0
587739407846670473,0
588011216993583116,0
587741708873236626,0
587739156579352685,0
587738948274946089,0
588018253227950278,0
588297864724742350,0
587741533317824601,0
587738947193929942,0
587733399707648097,0
588017990696239342,0
587727944571027596,0
587733080267292864,0
587729782274327010,0
588013383258079462,0
587729776365011098,0
587739610242678923,0
587742551221600470,0
588013382186434856,0
587742013295231222,0
587731868553248833,0
587742901789196517,0
588007005262774494,0
588848900465951018,0
587729653959622875,0
587739115243634905,0
587737826756198415,0
587735665308467278,0
588010135727243499,0
587742013293592793,0
587742061620035727,0
587742190436286597,0
587729387148673155,0
587739504477798561,0
587739407325069485,0
587735428543217768,0
587729227154260098,0
587732770524889240,0
587729409153499424,0
588010879843041441,0
587725552810786839,0
587742009508036947,0
587731513679544406,0
587734893820510277,0
587733423869460490,0
588013383811203152,0
587724649802170506,0
588013382742769804,0
588023240207040705,0
587729971793690941,0
587725505018986745,0
587731680114966742,0
588017979444756728,0
587728308027064409,0
588007003627323556,0
587736754077368555,0
587742865278763161,0
587732471459545338,0
587731892185727120,0
588010136802361528,0
588013382186893675,0
587738948821450888,0
588017948282323076,0
587725816955601040,0
587739845386895511,0
588017979961114784,0
587739708491235507,0
588848899371040920,0
587742774550265873,0
587732470926147706,0
587744874253320455,0
588023669707702349,0
587735662621687922,0
587741488767041579,0
587726031179350169,0
587739380457603323,0
588017947743813668,0
587739648352125087,0
587729155206545578,0
587734621102735464,0
587741532784427083,0
588017112371495097,0
587739843770450010,0
587739382066053299,0
587736808302182501,0
587738946658238673,0
587739652105371766,0
587736940372164729,0
587725981762388125,0
587725818028884025,0
587735236344676619,0
587732483820617938,0
587734948055941150,0
588015508727529555,0
587736941985333518,0
587744875325817099,0
588017605757894779,0
587728677931581571,0
587739720835465305,0
587730022258966674,0
587733080818319588,0
588017626159513699,0
587742010043204105,0
587731520660767160,0
587742061592182883,0
588297865265086475,0
587726014010228929,0
588017948824633493,0
587735344791683447,0
588017977271058587,0
587735347498975265,0
587736584970961025,0
587725041162977402,0
587742061071302759,0
587725816955600932,0
587742189910622335,0
587737808494657862,0
587741488759505009,0
587737809578033320,0
587728918982099041,0
587729970182553825,0
588017728688750782,0
587731185135386699,0
587733081341755424,0
587736809372647527,0
587735696448749704,0
587739375634939981,0
588010877692084277,0
587735666917245006,0
588017626688258084,0
588848898842165433,0
587734892756140119,0
588010878755995758,0
587731889504256026,0
588297863643791518,0
587732157391700204,0
587738569239101765,0
587742775637770429,0
587728879808610314,0
587734950207619155,0
588007003623719065,0
588016892782117043,0
587734861608321239,0
588017979422212185,0
587735742615847174,0
587736619867963763,0
587732483805216955,0
588016891707719810,0
587736479203655924,0
587739408398811326,0
587736920511807936,0
587731186195431589,0
587736805084168222,0
587739376702062800,0
587732048408608894,0
587742013819388071,0
587732772669292660,0
587733398095855722,0
587737810645025008,0
587728930796863780,0
587739609157927005,0
587730023333429551,0
588016891710799958,0
587725576422621467,0
587732134307299433,0
587734864295690344,0
587742190441136247,0
587722983372161444,0
587729387693015135,0
587739814243074281,0
587739720299315221,0
587729160048803923,0
587732135917584534,0
587739609173590079,0
588017977290326057,0
587735664774217841,0
588009371764457621,0
587731872315867430,0
587726100949172458,0
587728880330473799,0
587741709945077764,0
587733080806785146,0
587729159513440493,0
587738948275994798,0
587730847425429997,0
587734863759343710,0
587735348015530292,0
587731885736919318,0
587729408609747126,0
587742775103193245,0
587729779317407940,0
587733398109552722,0
588848898856255750,0
588016840167326229,0
587736619860754684,0
587735665308008698,0
588017604682252407,0
587734949669306509,0
587741603107504251,0
587741490910068844,0
587739303139999897,0
587739407334244585,0
587728931877028119,0
587729970180849868,0
587739811562520739,0
588023721783787675,0
587741602566307979,0
587735042538995841,0
587739131878178930,0
588017991231013025,0
587739406794293385,0
588297863635992771,0
587732580978851945,0
588017605764448294,0
588018056726053184,0
588017724940091416,0
587726102031696035,0
587738947195896062,0
587732482217803902,0
587736783073771850,0
588018090547019865,0
587739504467574836,0
587726032777052327,0
587741817313624308,0
587742060516999266,0
587738572458426493,0
587741819453964368,0
587732051096240278,0
587735695368323158,0
587741600423411835,0
587734621637968089,0
587741600427147349,0
588007003655110759,0
588848900443734220,0
587742062162608354,0
588007003629944943,0
587732580978851933,0
587733609625682147,0
587738574068842627,0
587742060523618500,0
588010358547546234,0
588848900984078487,0
587728668803793036,0
588017977804980350,0
587729387139825858,0
587729776908370001,0
587741600961069131,0
587735489752400273,0
587731891379241098,0
587734948045914371,0
587738615947919432,0
587732771580149973,0
587739406800191709,0
587734303804424268,0
587734622699651379,0
587731886814855293,0
587739844313940224,0
588010878759469184,0
588017949356064900,0
587726015069093997,0
587742013299818592,0
588848899395027088,0
587732135920205914,0
588017991242481752,0
587735666377883786,0
587732702319542415,0
587733431922983431,0
587725993577939299,0
587739651032744072,0
587739720839659547,0
587736477050798191,0
587733397560754346,0
587731500262162445,0
587745402535346452,0
587732589569900636,0
588848899929997456,0
588016839636287710,0
587731185651220894,0
587731891652067447,0
588010879828820087,0
587742863668871292,0
587726015076761763,0
588017978897334276,0
587736975278080385,0
587741532247883872,0
587732770506014966,0
587738615411441752,0
588017606299025551,0
587736900108877903,0
587734304342999218,0
587742610806210940,0
587731870168055892,0
588017724935831646,0
587736809382740072,0
587733397577990477,0
587742062680670288,0
587733604798497034,0
588017704017723560,0
587736620397887767,0
587739132424880399,0
587741815713104050,0
588297864712093804,0
587734948052336777,0
587739609164218390,0
588010879304073442,0
587741723357937799,0
588297863106920526,0
587730021720129558,0
587734623235277209,0
587732483803840740,0
587733609094382014,0
588017978376716380,0
587736946814681431,0
587738573534461995,0
587732053244117228,0
587736477054730363,0
587732577236418621,0
587738195049316527,0
587732702874435719,0
587736964533911773,0
588011217529209004,0
588010878766022863,0
587739812094804101,0
587739828741538002,0
587733427625066721,0
587736975808135403,0
587734623783157865,0
588023721248620702,0
587732590104543237,0
587727944034484404,0
587728931335504233,0
587728930803220617,0
587732771057762441,0
587736915684425950,0
587742062142423196,0
587742014884872202,0
587729971785826387,0
587736783074623750,0
588017109681700880,0
587733080274043085,0
587736585504555318,0
588015508209270944,0
587736477598417226,0
587733609085141182,0
588017724396863660,0
588018056184397982,0
587742576460759253,0
587728932412457191,0
587736899577512210,0
588017721183240340,0
587739828203028589,0
587725041710858248,0
588295842857222319,0
587729159515471878,0
588016891709882469,0
587741725506928788,0
587739631707619463,0
587737827288482055,0
587741489829773495,0
587735430153765023,0
587734622169989138,0
588297865254273083,0
587729777981849842,0
587732772118659237,0
587739844848320637,0
587738066187976751,0
587742062157693020,0
587734950200082588,0
587736916752531715,0
587722982287606027,0
587742775085760619,0
587735236346839228,0
587728677932367994,0
588017702414188740,0
588295842855714937,0
587736941982777433,0
587733410986590392,0
587738951493877891,0
587741602572730484,0
587732591180709918,0
587736805083316345,0
587738067276070984,0
587726031169781869,0
587739845925798164,0
587731514220937427,0
587731185117233419,0
587739648355270707,0
587739828213121317,0
587727942951698716,0
587736524296749223,0
587727942958121097,0
587742060553502847,0
587729774755315902,0
587736919969824795,0
587727944567816279,0
587742614560702634,0
588017728694386771,0
588018089466003676,0
587726031176859819,0
587733398645702910,0
587745404151332990,0
587726015606161483,0
587732484361289852,0
588017726013636754,0
588017991761068141,0
587734949661311144,0
587738946143518775,0
588010136269357237,0
587738372747493713,0
588848900451926123,0
587737825143029865,0
587729158972702760,0
587727944566571266,0
587742013297000595,0
587735665306042430,0
588017605775589543,0
587739386353811590,0
587732771047997574,0
587739721375219715,0
587742013290119232,0
587742904479514844,0
587735665313448006,0
587739376154509557,0
587730848498647960,0
587728307484688542,0
587737810101535091,0
588011217528684718,0
587736942517158086,0
587729385545859164,0
588017728694386812,0
587735348571996268,0
587736477595140367,0
587732154181615701,0
587732484893048914,0
588015510342008936,0
588017625632211211,0
587742626907226262,0
587739827664978009,0
588016840704786916,0
587735239566295140,0
587739845922062423,0
587739505542299837,0
587739809419755574,0
587742567326810163,0
588848900430037351,0
587745539448176851,0
587742060004114555,0
587731512605409381,0
587742615637393897,0
587745403616624860,0
588297865261547689,0
587742576984981636,0
587728931876962543,0
587739132416688418,0
588848898836398227,0
588007004157247521,0
587739406784200706,0
587742061589889267,0
587728880343253207,0
587739408410345608,0
587741726577524960,0
587739408393633910,0
588013384344403998,0
587727942423871494,0
587738409256484978,0
587726100945371337,0
587742013813752007,0
587739722165649539,0
587725491064930380,0
587735666932646360,0
587739721386230190,0
587741828579393735,0
587729776910860582,0
587742061088407787,0
587739115243176026,0
587741386737975743,0
588023668103053474,0
587729388212715731,0
588016892788146270,0
587739380992377080,0
587736975278014805,0
587733603733340640,0
587736807771013296,0
587731887884533949,0
587729773680459975,0
587726100411580527,0
587738410322755728,0
587735240638660617,0
587725980150989064,0
587733079734485124,0
588015508207239288,0
588017990690209955,0
587738568709767333,0
587736619868422694,0
588013382189252935,0
587725551198208047,0
587739829276377215,0
587732702871814338,0
587739295625314422,0
587741723358134385,0
588018089471574324,0
587736542023778604,0
587734949120639196,0
587726033324343335,0
587728932416717082,0
587725470669144239,0
587739812096639091,0
587739408401301685,0
587729409149698270,0
587725818567917742,0
587729227687395458,0
587731512070963337,0
587739647811846284,0
587739814779158754,0
587728931883319324,0
587725774530937175,0
587732482208104594,0
587730023333298405,0
587742014352588915,0
588017569776599166,0
587739609702793359,0
588297864708554807,0
587741603109863548,0
587734861609107624,0
587739377237623033,0
587730021722030264,0
587726033343021245,0
587731185115726181,0
588017724410888323,0
587736916755480797,0
587732136995717213,0
587738066739855417,0
587738946661581054,0
587738197191229540,0
588017605226791014,0
588023670782558311,0
587726102563848497,0
587745541056233598,0
587736543622529201,0
587742061594476781,0
587735697526554747,0
588015508733493396,0
588297864175353962,0
587739303145767059,0
587739376690922026,0
587742013816700981,0
587731187268452567,0
588848898847867125,0
588010359070851227,0
587741709940359340,0
587728309098840259,0
588013382189318427,0
587729751673602432,0
588013382187352372,0
588016879901802717,0
587725589312962913,0
587729776903323768,0
587736915141001306,0
588017115048443986,0
587726032796188812,0
588010877691232370,0
587725491062833198,0
588017948822536365,0
587738066735071461,0
587735662088093775,0
587722982822772941,0
587745403612495997,0
587741724974055503,0
587737827289399418,0
587729232515170600,0
587735347482525720,0
587734621635084523,0
587742014348787833,0
588010136803279104,0
588010879830261846,0
587732470926344499,0
587729752746623340,0
587739608092835882,0
587732156315140527,0
588017625635356913,0
587738617562660987,0
587728930265759897,0
588017626683932843,0
588017603606151213,0
587725981762650238,0
588010879296602247,0
587736753005723892,0
588015509275410582,0
587742550138028213,0
587742578055512171,0
588011219141853381,0
587739406261289041,0
587739815317078285,0
587729772608618636,0
587739376700096706,0
587732771061694604,0
587726015625625821,0
587738066739265747,0
587725816426594561,0
588017702383386760,0
587727944030552224,0
587745539446210622,0
587725551216623722,0
587735742618730509,0
588013381671059565,0
587738946665709741,0
588017978340147392,0
587738946673836153,0
587729228763693142,0
587742012759539801,0
587739827661635651,0
587734690889662670,0
587742865282302144,0
587741708323193271,0
587726015068504247,0
588007005769957428,0
587735661548208349,0
587722983888912549,0
588848901534056474,0
587742774026633226,0
587731887346942247,0
587735343179694171,0
588017704027881841,0
587739811565273263,0
588011124119306288,0
587729652349337865,0
588007004695298283,0
587741534394974333,0
587728879260270922,0
587729388226740349,0
588023046408569011,0
587741491442221176,0
587728668268429563,0
587729232519037055,0
587739610250281155,0
588017992306065678,0
587736783074820370,0
588023668631142516,0
587742012738830488,0
587729971251773655,0
587742571072454797,0
587733411528900860,0
587739382062776559,0
587739459909189697,0
587728947975487554,0
588017603602088129,0
588017626682622126,0
587738196654227679,0
587736477051912427,0
588007003622342845,0
587742774550921323,0
588018090539679905,0
587741600957530201,0
587735664768188521,0
587733081884852336,0
587742774564356159,0
588018089466003548,0
587742902863200425,0
588017719570399387,0
587729157901385816,0
588017569236844606,0
587731886811709676,0
587732050021122174,0
588018056728608958,0
587725471208374497,0
587739721365061760,0
588023668101939307,0
587732482226782346,0
587729970719818119,0
587732483284467858,0
587729158439895315,0
587735662084554879,0
587739132416753821,0
587742863138488462,0
588017978909589753,0
588297863114326164,0
587745244691104264,0
587722983371506153,0
587735694837940265,0
587728669875962231,0
587732583664058436,0
587739607546003587,0
587732770510536799,0
588017725476307151,0
587732050020663457,0
587739844847075492,0
587731187805716717,0
587739809947648252,0
587738573531971661,0
587732772659789950,0
588023239132119232,0
587731680658456758,0
587736525368393983,0
587731886811775137,0
587736586049814793,0
588017992836382870,0
587742190976630939,0
587732770507063435,0
587739721904685081,0
587732772121346204,0
587734621629579532,0
587739707940339829,0
588018055658668186,0
587745538904293423,0
587742012744335368,0
587742610812108959,0
588018055668302477,0
587734949133484133,0
588016878288175327,0
587731186732695833,0
587739845930123334,0
587741602037104781,0
587735490826272927,0
587726031710781593,0
587739158193438849,0
587722982285574311,0
587742773489238109,0
587742189906952378,0
587731885739999421,0
587736618790158587,0
587736547386851813,0
587725590381658342,0
587739827131449500,0
588009367476568163,0
588017729764851810,0
587731679575998680,0
587742568930345016,0
587731187277758650,0
588017729224441914,0
587738569248014386,0
587732484360831117,0
587725775603433529,0
587736813136183584,0
587738195050954892,0
588017627232403608,0
587735348553973918,0
588017112361533515,0
587741532780691575,0
587735694837743686,0
587728948514586760,0
588016891709948017,0
587731513157681293,0
588023668091781278,0
587728668803399981,0
588848898832728205,0
587742616171446506,0
587738575143502091,0
587722983890812983,0
587731513690423434,0
587731892187824328,0
587741600418627670,0
588018253214253170,0
587739845389254968,0
587741726042095650,0
587739406237499539,0
588297863641038973,0
587732051097419876,0
587736584434286717,0
587731889504714845,0
588018056204059063,0
587732134314770558,0
588016526098104378,0
587734949660459213,0
587729159515865215,0
587726033303175342,0
587739721380462813,0
587736976345727348,0
587737808492167505,0
587738371668509176,0
588018055116423320,0
588017627236597884,0
588017979452227937,0
587742189369426111,0
588848899897163942,0
587739844320297468,0
588017991243333888,0
587726016155353186,0
587736975275852101,0
587725551215116435,0
587738948292706362,0
588017627756822653,0
587739377230741829,0
588017703483605171,0
587736921045401912,0
588018254301167909,0
587728931334717446,0
587728919525326916,0
588017625623822496,0
588017978872823999,0
587742012739092577,0
587729408072351906,0
587739098597359792,0
588007005237870812,0
588017110219555004,0
587734950205063189,0
587742775631609974,0
587736898500100299,0
587738948273438999,0
587736975807479962,0
587738372746838412,0
588013383810941047,0
587742773479735398,0
587736976883319092,0
587732772389912834,0
588011217522917511,0
588010136269422715,0
588017724940746902,0
588011218068897943,0
588295840706330759,0
587728879796945078,0
587725550676738139,0
587729971253150145,0
588009366942974063,0
587741602033631351,0
588017566556029060,0
587742189372244042,0
588023046940524587,0
587736781995835680,0
588297863658340427,0
587741533865574552,0
587733409911079132,0
587731186738790514,0
587739130813415622,0
588017566027415672,0
587738569783377972,0
587741600419348656,0
588016878828978350,0
587732772129800422,0
587742190443167801,0
588013382735888532,0
587726032786751536,0
587724650337599621,0
587731513682034744,0
587741709949862017,0
587735349105590400,0
587738569249587424,0
587739114700341595,0
588018252681969833,0
587742578063835287,0
588010137337069703,0
587734622169923743,0
587732771591356583,0
587742568936308916,0
588015509804417151,0
587731868022800607,0
587725551750742113,0
588848899896901814,0
588017603622862916,0
587741533320511651,0
588017728151748770,0
587731511530684471,0
588017978888486966,0
587739504468885622,0
588017703470628944,0
588848898838757526,0
588015508736114806,0
587742902325674143,0
588298663583744128,0
587739721901080681,0
588848901526192251,0
587725576960213185,0
587737826208120984,0
587731911500693595,0
588017109682421811,0
587731512619171974,0
587729387138318496,0
587729752211259741,0
587729409150812444,0
587730023328972815,0
587742550145630410,0
587726100955922743,0
587731892189397118,0
587738372207542571,0
587736975809773668,0
587739707944337659,0
587739844849303709,0
588017705070100613,0
587722982835880298,0
587729386610622625,0
587735240099692837,0
587728880881500314,0
587742191524904980,0
588010360159207663,0
587733081880395909,0
587736584438153528,0
588017111287791808,0
587738410328457337,0
587739809951907849,0
587738195584024686,0
587726015614550231,0
587735349101527192,0
587739506087100515,0
588010360161763467,0
588010877682974883,0
587739843769401447,0
587739377227792646,0
587742594694185089,0
588007005243048099,0
587742061092995468,0
588016879903703320,0
587729232514187442,0
587738573533872347,0
587729747911836068,0
587731869625483324,0
588297864725463091,0
587736940371378330,0
588015508207435911,0
588018090003660991,0
587727942955630811,0
587734891682332871,0
587738953102393350,0
587725552816685250,0
587725550678900874,0
587742013826728123,0
587742062689452170,0
588009368547229913,0
588011125189443671,0
587741817325355123,0
587727866182762665,0
587741727119245411,0
587738409798336670,0
588011124120158292,0
587731513678954633,0
587742189365625010,0
588013382206029941,0
587735343191687224,0
587731889502814335,0
588009366935568497,0
587738195043877025,0
587741600419414087,0
588023669705605132,0
587741724963766396,0
587739303677395004,0
587742572149735553,0
588015510347579467,0
587730847965774233,0
587738948273242419,0
587745244700082376,0
587730846887576431,0
587731890842370219,0
588017722255409218,0
587736619856953539,0
587737808493412646,0
587732590107820167,0
587729409684865270,0
587742013834199277,0
587739166238834927,0
588017567632720007,0
587729158440812669,0
587741726046617617,0
587742061071958113,0
587739629557973099,0
587736547385934331,0
588010878231707847,0
588017721719390347,0
587726033850269924,0
587739720296038576,0
587742014344790152,0
588017115053424674,0
587742610799198437,0
587739719214628950,0
588007004157968699,0
587742610266521776,0
588015508196491318,0
587725993040151019,0
587725818029932751,0
587734691963928761,0
587725469597696296,0
588017724403023960,0
587739721898000403,0
587739845385846873,0
588848898847539378,0
588023045336858812,0
587729158965166217,0
588017702384369807,0
587733429233647780,0
587739810485567666,0
587735661008191727,0
587742610266325242,0
587736620395200544,0
587738067803898083,0
587733081893175334,0
588011125191278702,0
587739720840052873,0
588010360698241263,0
587739406764933321,0
587739814244712873,0
587729160042774661,0
587735240636104878,0
587736479196512332,0
587735665309843560,0
587728668802875536,0
587742014900011068,0
587742060551864441,0
587726033331552433,0
588016891713421494,0
587739506086117448,0
587739407836119218,0
588017990147244127,0
588017627235614906,0
587741815711465489,0
588017605761892477,0
588023046404112580,0
588848901514920030,0
587728668801892774,0
587732135923351640,0
588018252688392510,0
587738569773482214,0
587741722822180915,0
588015510358524013,0
588023669168603354,0
588023046399656300,0
587725491597213818,0
587726015084036306,0
588023668639531156,0
587732484345364687,0
588009366401712227,0
587732577774928001,0
587726033858986117,0
588010877685727387,0
587737826746040541,0
588017992310325383,0
587724649796272296,0
587731889503862911,0
587739845394432359,0
588848899374448805,0
587726100411187217,0
587741489814896996,0
587742060530040987,0
587735661547552998,0
587731869628170399,0
587741708324176047,0
587731513145294988,0
587725074455724068,0
587722984431091887,0
588023046398869845,0
587738569240674414,0
587726032236314826,0
587733605331435646,0
587739406233567409,0
587741421634519309,0
588010137341460620,0
588017111290544265,0
587731521738965223,0
588017728153190428,0
587735348016054367,0
588017990159958184,0
588010360151015622,0
587735667459620986,0
587739811569074253,0
587744637491478912,0
587727944030552222,0
588017978360594511,0
587731869094379630,0
587730022261260646,0
587736619868356849,0
588295842861154404,0
587741420558352392,0
587734862684225551,0
587729386609246351,0
587742012742500483,0
587726032799793351,0
588009372837085297,0
588017704534278299,0
587739381532918021,0
587735343185723462,0
587736976886071361,0
588015507668271230,0
587728930807283761,0
588016879902589177,0
588017712045883584,0
587742551217144019,0
587725041706729711,0
587734863756198029,0
588018055660568892,0
588018254295072985,0
588017703494943212,0
588017724946907328,0
587726031705669770,0
587732053235728834,0
587731521197179267,0
587736920506892349,0
587736585512288439,0
588007005774741733,0
588017704542404799,0
587728666654736510,0
587731501336035583,0
587739721898000457,0
587739407864430616,0
587741386736861598,0
587725040099066028,0
587728880883138589,0
587745402530693739,0
587729228764217634,0
587726014552605054,0
587741829653922052,0
587741602575155214,0
587729160044150897,0
588010877681074280,0
588018055655391475,0
588010879307284592,0
587729773146013737,0
587741489827086445,0
587732483274702974,0
587736941443481844,0
588017604143939710,0
587745403606270276,0
587739304213217330,0
587742014352720083,0
587736477597040999,0
588017979452752159,0
587735696451764346,0
587731513146474626,0
587735343722463451,0
588017990159368484,0
587739708490907688,0
587732772111843495,0
587728678467534972,0
587735241176514680,0
587738410866901131,0
587742775105945800,0
587731870171398249,0
587724648191950959,0
587734861608452179,0
587736586037625016,0
588023239133364469,0
587742610277204273,0
587733080809668634,0
587742062126825680,0
587732589572128882,0
587731887350415591,0
587732703396888650,0
587735347495829706,0
587738946682617897,0
587731185129947285,0
587731521734574523,0
588011218058674319,0
588017979957772437,0
587731520667779247,0
587736542557241489,0
587736808308146453,0
587732591719612560,0
587739096989302856,0
587725817499812016,0
587725576425373994,0
587734689817231465,0
587738411937497220,0
587732589569507482,0
587736620394610728,0
588848900444651692,0
587739811570712811,0
587731680654983382,0
587739810499854739,0
587728879265054804,0
587729752749376095,0
587742864751198321,0
587738615948116075,0
587741490359107704,0
587741566050304049,0
588009366938058874,0
587732134841155778,0
587742012731097263,0
587733423871361029,0
587726015079252142,0
587725590386180411,0
587725505023639632,0
587726033318576278,0
587729407538299201,0
588023046942687425,0
588017991230947506,0
588011124656570533,0
587739720834351368,0
587735347501531224,0
587742901789589736,0
587742773478031515,0
587739505005363275,0
587738196656586970,0
588017627772027022,0
588013382737199287,0
587725550133379188,0
587741489288249481,0
587731891649052789,0
588017948292874398,0
587725591458807964,0
587739646744002644,0
587729386615865463,0
588013382188859651,0
587735662626472162,0
587738410861396128,0
587725552275882154,0
588017992311636113,0
587725039560425634,0
587729158430916788,0
587732483809476749,0
587731521736015881,0
588011122503516270,0
588017991236452681,0
588297865799663708,0
588298664120418494,0
587728879270363217,0
587742014372184345,0
588017112370249905,0
587735697514627206,0
587738618099073176,0
587739406758576432,0
587728879804743858,0
587729154136146100,0
587742576442998943,0
587742062126825810,0
587735695368257542,0
588017604677664941,0
587739152821387524,0
587732157392093456,0
588017627766522018,0
588848901002559698,0
587739631170224279,0
588017991225376884,0
587738570320314520,0
588017626706739328,0
587741603095314563,0
587742061584056706,0
587742576443785398,0
587729385544941745,0
587737826215133446,0
587728930274017431,0
587739719217184880,0
587732769977663589,0
587736586044178565,0
587725589847605571,0
587726102027501731,0
587738947736436979,0
587742573219938397,0
587736546849915151,0
587741816247812149,0
587731521203798188,0
587741721216286759,0
588017712052043914,0
587738618101825631,0
588017626701430936,0
588017704550662282,0
587732577763590372,0
587738410333569172,0
587742060520800447,0
587725551195259099,0
587732703395840126,0
587739844313481394,0
588016527708848260,0
587722982819823760,0
587730847966822741,0
588017978901069829,0
587739827123978353,0
588017992314454372,0
587733079731470422,0
587728879804285056,0
587736523759354041,0
587741387811324245,0
587725819104460889,0
587744874785472811,0
587739719764869358,0
587739132419702980,0
588017705084977175,0
587736962921267382,0
587745244165111887,0
587739296697548867,0
588016879903244445,0
587739167313363046,0
587739132959391956,0
587732135919091850,0
587741533321887918,0
587742060515688635,0
587729227150000267,0
587741600958644329,0
587733425482039429,0
588848899395027139,0
587725993038250212,0
587741724965601406,0
587745243615002948,0
587732703942475995,0
588017977806880824,0
587733424943726682,0
588848899908894853,0
587732701260939372,0
588015510340370564,0
587725576423342490,0
587728309634924666,0
587739381532918040,0
587739811038888510,0
587741387809554628,0
588017627769667787,0
587736782002520546,0
587729228227281164,0
587734305417920689,0
588017713124802752,0
588848899376021614,0
587736618787668187,0
588017726010425566,0
588017703997997141,0
587742567317045442,0
587742573218758890,0
587736477596909604,0
587738572995952838,0
588016891715190968,0
588017565481500789,0
587735347500351623,0
587742610262458568,0
587737826220834940,0
588017703992819818,0
587731869097328828,0
587733605342839044,0
588009370154500195,0
587742629598658779,0
587741720674959444,0
587736752472850853,0
587734621632659556,0
588016890638303357,0
588297864187019281,0
587742611874840718,0
587742015431245847,0
587742566783385678,0
587736585513861416,0
587741490912952417,0
587735666379653270,0
587725992499544272,0
587731680121651220,0
587722983904248029,0
588017728694386747,0
588017991776338297,0
587728676855939238,0
587739707415855351,0
588017978344276070,0
587731870167269509,0
587739159268950130,0
588016840167391256,0
587742015427248308,0
587736524298715295,0
587739505551474767,0
588017565490348160,0
587733603716825193,0
587733609626206266,0
587741490358518046,0
587742061087162505,0
588017979980644458,0
587729157890834510,0
587739651034055013,0
587729228224790620,0
587736525371867321,0
587741387810472355,0
588017977822609494,0
587742551756046625,0
587734892217041049,0
587742774279798909,0
587731186741215357,0
588017703463682143,0
587741821599678699,0
587745970003313034,0
587732484346478752,0
587735666917048535,0
588009367473553440,0
587742568398520500,0
587734893287768209,0
587736975272116490,0
587730845817045512,0
588023668091912248,0
587728676861051048,0
587731873386791249,0
587733609627255081,0
587733609090384254,0
587729408073597144,0
587741533302686083,0
588017979447115889,0
587736941992411538,0
587725979616673879,0
587738411946410110,0
587731869631643849,0
588023048021803161,0
587729776909025441,0
588017571386294366,0
587736620397101101,0
588298664654864468,0
587739811035283736,0
587739114704011396,0
587725551195259188,0
587732483287089440,0
587741490891194761,0
587739406794293343,0
587734862145519781,0
587736543631376639,0
587732578299674828,0
587732483269394684,0
587731892187955262,0
587739844317347919,0
587745540511891671,0
587735043075342403,0
587726033848762425,0
587745404149104798,0
587733398649372938,0
587736524297076972,0
587742550142746886,0
587731512614584329,0
587725469059055862,0
588013383806746889,0
587725819105640466,0
587731514220544078,0
587742062686175390,0
587738572995100779,0
587736942522401005,0
587739706340278460,0
587741489820074043,0
587738950957203568,0
587745403607646479,0
587725982302142653,0
587732483803644217,0
587736477055320286,0
587728669342433492,0
587731512609931405,0
588848898844000300,0
587732583126532330,0
587742616169349327,0
587726031173189732,0
588023670244638880,0
587729970178818378,0
587739646207721496,0
587742576452894863,0
587742013278191746,0
587741489827676314,0
587732771579625722,0
587741531705507966,0
588017703482032291,0
587731872850706674,0
587741815697899839,0
588848900467589345,0
587737826745974799,0
588011123584991334,0
587733609087303886,0
588298664113078414,0
587745540517724331,0
588023048021868715,0
587736541491364184,0
587733081890422841,0
587726032780066925,0
588297863120814167,0
587739607557472379,0
587742062172832365,0
587728918447063048,0
587741707807031422,0
587728950120939650,0
588017605210275963,0
587735347498516661,0
587733609625485484,0
587726033305403583,0
587732484355194953,0
588848899374252253,0
587734304877117669,0
587725492134936867,0
587732771047866455,0
588017704535195786,0
587742863137177710,0
587732703410061478,0
587738948274487480,0
587726033317855364,0
588017702938083490,0
587742190978400377,0
588295841244184696,0
587745243614937817,0
587739721363619937,0
588017605754093707,0
588017948827058405,0
587742615637590346,0
588023669705277671,0
587733603181330593,0
587736783071740081,0
587739811564748963,0
587724648723644523,0
587736807765180614,0
587728677392613436,0
587741532784361510,0
587738953105932454,0
588018090004906197,0
588017977836110070,0
587732482208956531,0
587742903401250982,0
587733441582530788,0
587732484359716959,0
587742902331965611,0
587732771589849285,0
588848899899064425,0
587736586049159194,0
587734893824770144,0
588017992310128788,0
587742014890311781,0
587735348032569430,0
588018090542629061,0
587729772608880908,0
587728309102182508,0
588013383279706133,0
587729653963030610,0
588018089469608085,0
587745243630862515,0
588017978356334645,0
587742062691024951,0
587736809375596727,0
587726033333715148,0
588015509282029785,0
587742775634952280,0
587729157893456017,0
587742189368573994,0
587742013823057953,0
587729777450025317,0
587742549605482519,0
588023721783394519,0
588017627233779894,0
587739829280702700,0
587745243631255767,0
587729386600267929,0
587732136998207621,0
587732157928046642,0
587726032256041114,0
587729652348092445,0
588017947748991082,0
587725981764288564,0
587735241181036693,0
587733605330911394,0
588010358537650360,0
587738952025112606,0
587739810498281665,0
587725550126563430,0
587741708329091263,0
587736545775714477,0
588017991221117091,0
587736584962375921,0
587726032237297738,0
587729409690567056,0
587731680119619743,0
587725550678704192,0
587725818015711406,0
587722983891402904,0
587735348029292655,0
587734863753183300,0
587742060541706400,0
587731513687081013,0
588017947736080522,0
587745403614658832,0
587739406257946797,0
587729154672164969,0
587725041170252004,0
587733398649176372,0
587739828205912233,0
587742568926150888,0
587742594157772906,0
587741421096862102,0
587731868552528011,0
588016878822163089,0
587735695376187547,0
588017605766348940,0
587738947734274371,0
587739609709150244,0
587735743689064756,0
588848899374645348,0
588013382198689899,0
587732771033514201,0
587738066196955351,0
588013383281541294,0
587734891677483097,0
588016893319708809,0
587734623251136579,0
587741533318807631,0
587725551739142268,0
587726015080169584,0
588017116662005880,0
587745403617673383,0
588017703489241607,0
587722983889174683,0
587742614562603047,0
588011124119306367,0
587732053242216685,0
588017978340016315,0
587739827664453774,0
587733398651601243,0
588017702940180694,0
587731889501896896,0
588016878293352674,0
587741532229665201,0
587742013808640037,0
587731186727845967,0
587739815318978842,0
588017703489175819,0
587739706873479292,0
588017604676157639,0
587742061051248917,0
588848900987486248,0
587739407325921352,0
587742013820698811,0
587734891682267223,0
587730022253396202,0
587742573221314742,0
587739115237605768,0
588297864711438647,0
587731186191827251,0
587741817317359762,0
588010360691490972,0
587738948288708855,0
588011123039928440,0
587735344259072288,0
588017977801965860,0
588015509800550498,0
587732583667662950,0
587729387688493202,0
587739720303181962,0
587734892218024015,0
587742864743989429,0
587732053241495890,0
588015510352560254,0
587732048940957923,0
587742062664483055,0
587735348025819361,0
588010360690376762,0
587738564946690334,0
587737809565581745,0
587733428160757776,0
587742566786531426,0
587742775088381981,0
587731680116670656,0
587736618786816175,0
587739097524797590,0
587742014361960564,0
587731513155059772,0
587735044144365947,0
587742609727815839,0
587742014911152352,0
588295840168607836,0
587736542027317671,0
588017702939721933,0
588015507661258797,0
588017949367075023,0
587732769986969745,0
588010359085269106,0
587736478132404387,0
587741491449233491,0
588018253762396457,0
587728879267872907,0
587732703395512391,0
587727865645760784,0
587735044145611102,0
587730022256542026,0
587742550674440348,0
587736782539129391,0
587735664773300405,0
587742060548325584,0
588015509819228346,0
587732771059662946,0
587739304213545081,0
587733397563703413,0
587726014534516869,0
588018253226049824,0
587725981763829818,0
587735344796598401,0
587739720846803272,0
587725818029342876,0
588017703457194112,0
587731869097525326,0
587736618787668433,0
588017627761344624,0
588297863109607615,0
587736976889348169,0
587733609627975975,0
588017977807667352,0
587739406238220475,0
587738617556369581,0
587738067262177725,0
587739646207721614,0
587737810109006094,0
587726015078727857,0
587725491063750953,0
588017571925000341,0
588007004698378459,0
587733605337202886,0
588017721719652521,0
587738372204659393,0
588018056187281618,0
587735662626865323,0
587742062147207292,0
587728918988128462,0
588017566563172491,0
587728880866623674,0
588017722251739233,0
587739720294990125,0
587742627452158223,0
587731872850379300,0
587732577763000658,0
587742902332227730,0
587732135388512320,0
587725074995806442,0
588007006330224771,0
588015509277507604,0
587736586052633092,0
587728679544094882,0
587731500263211060,0
588017712049815721,0
587738572460851299,0
587741726046224458,0
587739707946958966,0
587732580980555932,0
587742627996107090,0
587739295625248877,0
587745403075362982,0
587741390492074244,0
587742572146327620,0
587741390494761149,0
587739458302312555,0
587738946675343582,0
588848900971954410,0
587739652106551481,0
587726031707897990,0
587731514230702166,0
588017605767790759,0
587742578054463604,0
587735660476366960,0
587741603108159674,0
587736618792780083,0
587733410984427719,0
587725550668611721,0
587738946682552416,0
587732578841460934,0
587732702318428372,0
587731511531012215,0
588010360162156751,0
588023047483162753,0
587736546312847614,0
587734950206373997,0
587732591716007986,0
588010878222663860,0
588017726004396196,0
588013383815790813,0
587739845928157571,0
587734623787155600,0
587736975276048528,0
588017111294935138,0
587728308565901474,0
587739296162316423,0
587742062122631614,0
587738570317561939,0
587742889972728068,0
588015508732116995,0
588011097799524454,0
587742061097779328,0
588295842861285411,0
587742864749559922,0
587725469061939375,0
588010879296929915,0
587726015078924479,0
587731514230702216,0
587735428546887813,0
588016877756547234,0
587729388227788957,0
588007004171075762,0
587738950414434409,0
587738569243295965,0
587725816952258679,0
587733429234237572,0
587728918445883471,0
587739114172383380,0
587725576423211338,0
587736523761385511,0
587731887346942292,0
587725040634495093,0
587739096457871497,0
587737827284549931,0
587729776912302297,0
587732769986969756,0
587735347500351582,0
587733195160354948,0
588011101028548720,0
588017703466041477,0
587736964532994211,0
588010878771527847,0
587732771057696918,0
588017979985821969,0
587739608089624624,0
587731680647840034,0
587731513148571766,0
588017721721225222,0
587732134842794140,0
587735742077468894,0
588848898847604960,0
587732589569507385,0
587745243630534842,0
588017979409105160,0
587725470134698112,0
587725980153610366,0
587742190977613931,0
587737825142440153,0
587742578067439759,0
587732772126785661,0
587729652355956841,0
587739720297545828,0
588848900998103261,0
587734303269650677,0
587738948294869015,0
587736541488218599,0
587739647281856579,0
587742061634257126,0
588017949359734924,0
587732578831237697,0
587738409785491668,0
588017726015602772,0
587746211058090075,0
587735348550369431,0
587729408082772023,0
587733399181197602,0
587732771593978055,0
587739304221999276,0
587742578063769771,0
587728307488161925,0
587736899036643564,0
587741828585750607,0
587725816963203361,0
587735349645082878,0
587729387678072870,0
587736477599138252,0
587731186206507141,0
587738568166277307,0
588017605756649655,0
587727866182172950,0
587732703410585735,0
587739608629248109,0
587733398640459937,0
587736525905461488,0
588848899906928873,0
588010880365625400,0
587739828199227510,0
587726033307238594,0
587734622167040149,0
587733412056072405,0
587736899038609474,0
587736809917841525,0
588011125190885490,0
588015507674628248,0
587738950953074762,0
587725818018922698,0
587736809917382780,0
587726100417478972,0
588011219680231659,0
587739296699646111,0
587726015620907154,0
587745541048631474,0
587735695369502867,0
587741533311008925,0
588010878226858147,0
587736543630262588,0
588018090010345829,0
587735665857462651,0
587741601500430561,0
588017703460929611,0
587739708483502227,0
587729971257672102,0
587745243617689704,0
587731869628629144,0
587734690883764562,0
587728949050474624,0
588016892784345251,0
587724650337271948,0
587742864209215687,0
587733608554496269,0
587742062676738191,0
587739719770308902,0
587733081347260561,0
588017604677337180,0
587742552289312927,0
587732770524627023,0
587736941992083702,0
587729153595998217,0
587725576960147600,0
587742013803659487,0
587732482220032239,0
587742062696464477,0
587739827676774747,0
587735666928844982,0
587733410452406478,0
587739811035611451,0
587739810498412892,0
588017114517799150,0
587739828743897286,0
588018090010870251,0
588848898836725961,0
587726016683245687,0
587745403606990891,0
587736919970939347,0
587736619858526412,0
587741421634322746,0
587739381534294230,0
587741708324700536,0
588017704539258976,0
588013384343945428,0
587733409907146920,0
587739648352256147,0
587735697524392001,0
587742061051117823,0
588011124659454080,0
588017605231116456,0
588017702928449606,0
588017721722732697,0
587736897965326625,0
587735695371337830,0
587736808307228923,0
587726032245293206,0
587731187277496425,0
587741816770986271,0
587733423869788308,0
587739376157458654,0
587742013280813213,0
587739381532983675,0
587742593621754027,0
587739845922586879,0
587728880873767088,0
587739810486681758,0
588010358528344297,0
587736477058269367,0
587731521199276304,0
587742190974468303,0
587735044687593687,0
587739720289878089,0
587739845397381589,0
587742774558982242,0
587742773479735452,0
587738575145664686,0
588013383806943411,0
587742575916417231,0
587742774013132881,0
588017990154649776,0
587726032780853354,0
588023047472218382,0
588009370154369152,0
587726100412563531,0
588023669168603218,0
587724649255600320,0
588009370688356463,0
587728950125985956,0
587722982281183412,0
588016891712766098,0
588018090545381668,0
588848899901096033,0
588017567636455549,0
587732702313382372,0
587733079730618487,0
588848899925999851,0
588015509800485013,0
587731187280838842,0
588017977810878618,0
587739629557252193,0
588009371761770605,0
587734622708433071,0
588009366664249462,0
587741532783968456,0
587733431921082679,0
588017704020869226,0
587729747911835909,0
587729747913474140,0
587730023327400096,0
587728309633286257,0
587741722819887259,0
587732769973338290,0
587734948583768128,0
587739114170089658,0
587742062671757439,0
587739609712885908,0
587731873390002562,0
587741830194790501,0
587728308022083797,0
587729752210538865,0
588016892249243680,0
587741490374901968,0
588017991236780359,0
587736940376948915,0
587745969465131043,0
588848899914727633,0
587741723360362638,0
587725551753822334,0
588017627228340336,0
587731891115524210,0
587725817501057285,0
587732136458191009,0
587742550151332105,0
588007005239115938,0
587739609162580091,0
587732136994996351,0
587738411409801347,0
587742774566060112,0
587725041710661775,0
587733399186440362,0
587735346964332647,0
587739720310718481,0
588010359070851282,0
587731512069062750,0
587722982288589152,0
588009366405054540,0
587739407860826240,0
588023670242345203,0
587742551753294044,0
587735348573569064,0
587739096453152814,0
587742904478073029,0
588023722319544426,0
587727865644646655,0
587729971252363445,0
587731512071880913,0
588011124658143370,0
588015507668271179,0
587735343727575283,0
587742013828628587,0
587739381528264767,0
587736975271329932,0
587741490354389305,0
587728950123430048,0
587744875328241885,0
587739376690725115,0
588017991232520381,0
587739709019586641,0
588011219675119685,0
587739132962406592,0
587733196235014221,0
588011124659388547,0
587739376171942023,0
587741720673976340,0
587739708492480798,0
587738947734864100,0
587725818027311138,0
587726102019375181,0
587728947976798338,0
588015508740374669,0
587736584974762266,0
587745539445162177,0
587730022788694153,0
587731679572918532,0
587741533328441448,0
587731680117915838,0
587736584435532003,0
588017702399574100,0
587722984443216081,0
588023240204812565,0
588848899372548242,0
587739506617483327,0
587725993040937404,0
587741421098827828,0
587722982288457791,0
587738564942299618,0
588295842317336686,0
587733079200301136,0
587738617559843027,0
587736547386786175,0
587741829117116651,0
587736808307753157,0
587737827281731947,0
587741602035466279,0
587729158967918647,0
587735348569964791,0
587735697523015809,0
587742568394326360,0
588018056197767394,0
587738618092126377,0
587739720307507268,0
587732770521350156,0
587739707959935301,0
587742550139797693,0
587726032790749288,0
587739608639078557,0
587733410988425409,0
587732701260939418,0
588017606299549794,0
587739385817661836,0
587738568708653206,0
587741531700592789,0
587728665579946217,0
587729159507804299,0
587739811557998597,0
587738197194965151,0
588017729228046445,0
587741489839800595,0
588013382729203875,0
587739302613024844,0
587733081888653409,0
588017604674125994,0
587737827284091135,0
587729971253543188,0
587725818023837789,0
587735665851891968,0
587738952033501257,0
587738410326360178,0
588017948280946790,0
587734305415954633,0
587732701778608138,0
587732772666998882,0
587733609621880989,0
587738948820467787,0
588010878224957577,0
587738947750068261,0
587739815853621549,0
587733609085206744,0
587742903939563637,0
587739706330841252,0
587741489835344084,0
587741391565750575,0
587741602560344173,0
587725993575186702,0
587729159516389648,0
587729774756036679,0
587725591460053299,0
588015509813461182,0
587735240107491369,0
587732591718891672,0
587742550678700283,0
587742189362937942,0
587732152032493686,0
587742626909454454,0
587741602038218873,0
588017978373898424,0
587735344262611074,0
587736478670651498,0
587738946139848767,0
587742903939825841,0
588018254297104635,0
588848899375825096,0
587739815851589877,0
587742578068160666,0
587731679574949919,0
587736899575349522,0
587736753540825192,0
587739809414250543,0
588016891712438418,0
587729777976279221,0
587739811025191075,0
587725816957763759,0
587731511546871899,0
587729387687182456,0
588010358538371209,0
587736813674234201,0
588015508750598236,0
587739809948827803,0
588017719573217432,0
587736808844034054,0
588017625622315118,0
587741420559860006,0
588017111824269433,0
587742774548365446,0
588017992831991936,0
587742013835378969,0
587732151494901832,0
587728309633286229,0
587742863134818420,0
588013384338899051,0
587736586051453067,0
587736941987823802,0
587738572996214955,0
587733440516587832,0
587742774550397074,0
587734691424829702,0
587726033308549148,0
587725503407653058,0
588017703468662932,0
587739407878652149,0
587728917911240861,0
587725819092730015,0
587726032781836391,0
587742013815652412,0
587739707959083385,0
587742014377427155,0
588297865246408815,0
587725550672609399,0
588848899384344780,0
587739295626428551,0
587735743687819453,0
587726100950876172,0
587730022252347601,0
587739385281118447,0
587729386065428695,0
587731511537434791,0
588013383280230521,0
588017566019747941,0
587725578037887299,0
587734304343851285,0
587733609089925255,0
587739647819645031,0
587738410333044931,0
587725591459266887,0
587738946142142617,0
587729386613178462,0
588010877688348813,0
587728679540424803,0
588017990695256178,0
588017977293340712,0
587724648182448351,0
587742773478883415,0
588007003633746056,0
588023046938624237,0
588015510360621284,0
587739844850024654,0
587742015440552019,0
587726033870323823,0
587736478131880074,0
587725040099262523,0
587741720676139125,0
588009367479386196,0
587742551220158467,0
588017110762127517,0
587731869626073297,0
587739158192980156,0
587745403612102693,0
587739829282144351,0
587731187267993798,0
588848900443209898,0
587735349108343000,0
587736546312061311,0
587736782000750963,0
587728930797846901,0
587731868019720266,0
587731680647905564,0
588848901531041954,0
587728309101658233,0
587734892210421905,0
587733424943136895,0
587733604795613269,0
587725472808829035,0
587739376158965887,0
587739302605684814,0
587738568705966195,0
587742567322157268,0
587739302605815868,0
587739814243860565,0
587739381529575561,0
587742550683353388,0
587742864213606536,0
587731511544578193,0
587742610812174785,0
587731187279593603,0
587732590104543358,0
587742013298901247,0
587742567322419203,0
587744727687889075,0
587733080813863003,0
588011125192589417,0
588010880367657119,0
588017111833313376,0
587742012758556746,0
587729160055030026,0
587733081891930212,0
587739407335227550,0
587745403072151728,0
587741721209340022,0
587733441585152178,0
587732772105552259,0
587728665579421702,0
587738067799179447,0
588016892250751019,0
587739406786166940,0
588015508192886878,0
587742012746760283,0
588017702947127541,0
587739630633222159,0
587739296159891536,0
587728879262302387,0
587742010045038826,0
587733080272339125,0
587739809951580478,0
587735490282979442,0
587742013299818699,0
588017605214601394,0
588023720709849224,0
587741722823622797,0
587731187283394681,0
587726100411777279,0
587725589308375201,0
587731187815743694,0
587731186724307655,0
588848898846228631,0
587736752470229133,0
588013383794164231,0
588017627223490690,0
587729778517082331,0
587738197195423839,0
587739305292595221,0
588017992297807947,0
587741726039670898,0
587739706866860156,0
587732772126195814,0
588017703997145198,0
587739706871971960,0
587738371668247237,0
587726014546378862,0
587742628526555364,0
587738196116439259,0
587732048413196381,0
587742775629447236,0
587735696978083973,0
587726033867440268,0
587732701250650267,0
587725550661992581,0
587739827665829998,0
588017603607134281,0
587734623237702047,0
587742013305782484,0
588016890639745114,0
587729159510163640,0
588848898835677417,0
587731521738047807,0
588017702935134364,0
588007005263691840,0
587729160042119249,0
587731891113951378,0
588848899387556037,0
587724649261105169,0
587742645700002064,0
587734861606682733,0
587741709399425160,0
587725817499746500,0
588017978884161649,0
588018253762330838,0
588848900465950856,0
587733398642426055,0
587725471207588000,0
587736963993763846,0
587742575907438772,0
588017110224339077,0
587722982823231625,0
587738570320117883,0
587731185667932274,0
587729774757609593,0
587742014355603607,0
587736754077368628,0
588017703474954350,0
587728931880960205,0
588017604697522356,0
587725550136000585,0
588010359068295450,0
587729407538954436,0
587739380984578193,0
588017571390357603,0
587725469062004883,0
587739130812301498,0
588017947217756322,0
588007004184117434,0
587736751932571864,0
587734949124636816,0
587725470669537451,0
587736803470672059,0
588017712587210875,0
587736547390194053,0
588298664113668274,0
587732701776970105,0
587731891651018908,0
587731514231947443,0
587738195577340224,0
587738616483217567,0
587729751132471375,0
587732134849282143,0
587733412057120857,0
587734948586455230,0
587741603109601462,0
588017603605626986,0
587726100949106875,0
587729387157061793,0
588016839637532885,0
588848898835415269,0
587739707421229408,0
587739506614730844,0
587725552266314123,0
587728880876781785,0
587742577520607387,0
588017978360463479,0
588017948273606840,0
587732772128751648,0
587741532228354062,0
588016890634960999,0
587732134311690264,0
587726033338106078,0
588017990685819022,0
587732701792305383,0
587732053779283987,0
587736752471343394,0
587739810483667108,0
588848899901554939,0
587729386882596883,0
587729386066084007,0
587728665042419764,0
587735343186903129,0
587742772945354857,0
587731513147457730,0
587735662620049702,0
587744873714352335,0
587725551212757170,0
587735042538668197,0
587731514220544153,0
587742062124597613,0
588017604691493043,0
587725816408047787,0
587734623250808928,0
588013383281868952,0
587730022790004866,0
587735666395513215,0
587729772608553151,0
587739504477929677,0
587736753548165495,0
588017702940180668,0
588017947751153858,0
587736546309832844,0
587731174919438555,0
587726031691448621,0
588017991758905429,0
587738195578978556,0
587742775102537918,0
587742550680010978,0
587732770508046405,0
587742628520001677,0
587722983352041676,0
587732591183593568,0
587739158722904332,0
587736916211859678,0
587735348568129666,0
587742615632019626,0
587742902863986736,0
587739506088411244,0
588015510346989687,0
587729774221000854,0
587742590406623608,0
588015508755316861,0
587739708477472895,0
587729231982756111,0
588017947735818387,0
587741533862625467,0
587739376154640854,0
587732483287613528,0
588015508198981734,0
587742062128463923,0
587732484361158688,0
587738568709242938,0
587742060541182061,0
587731873920123099,0
587735662085341320,0
588010878220894352,0
587732136992964773,0
588023046399328320,0
587742062155923603,0
587739377231397155,0
587741490373722202,0
587739707948335228,0
587738196114735396,0
588017606294110305,0
587732582591234379,0
587739607552295031,0
588017977840959657,0
587736542024368181,0
587728309097398426,0
587733441049264278,0
587742576454336723,0
587732053236842943,0
588013383796916530,0
587741722284458166,0
587736812597346559,0
587722981743657103,0
587726100412497940,0
587735743150358555,0
588017947756331156,0
587739719757922332,0
587742061045678113,0
588010879301189777,0
587741600418758746,0
587725041699586140,0
587738947730604145,0
587729158444286083,0
587739132420161748,0
587730023866040486,0
587739809961672996,0
587738570311532726,0
587742903941464232,0
587738952562049096,0
587725471206604861,0
587738947747971306,0
587735348033290397,0
587745541053546622,0
587739810490089592,0
588018055117144220,0
588017726011867345,0
587739720835334302,0
587742190990393443,0
588017627773534409,0
588013382209241214,0
588023669705343151,0
587736976886661466,0
587739406805893448,0
587736915142574166,0
587739408397172808,0
587735240099823816,0
587738946663350489,0
587724650336419991,0
587742014373756963,0
587741533321756859,0
588010358545907762,0
587742014354030725,0
587732591720464460,0
587739607566843951,0
587739296163430510,0
587735666392826248,0
587742863132655739,0
588017992309997816,0
587725816963334362,0
588011122506989676,0
587741830729891852,0
587735662081409238,0
587725552811966469,0
587736809912270873,0
587739157117927456,0
587726100954153152,0
587736916755546328,0
587734892211208338,0
587736546310553689,0
587725076066074760,0
587731511537434731,0
587739706864828572,0
587736542024368476,0
587741533301702875,0
587742190454964400,0
587739408392913000,0
588017606298763404,0
587741534398185722,0
587732702323671170,0
587728308566098073,0
587728931339239601,0
587739811028467949,0
588013383793901748,0
587732590104150195,0
588017990148882483,0
587739706871578858,0
588016890639089756,0
588848899398566217,0
588017712584523977,0
588017978882457735,0
587733412067016987,0
587729409153761577,0
587730022260670820,0
587735744225673372,0
587735042545090741,0
587742572687917274,0
588297863121272937,0
587745539444899989,0
587742882724970690,0
587733397024866458,0
587733081345818686,0
587742549604761659,0
588017726017241268,0
587729386071654628,0
587739405700038786,0
587738947193995522,0
587742550145564862,0
587729154673410070,0
588023722320724122,0
587742576455581953,0
587736619857871096,0
587742610263245017,0
587736545780105670,0
587734303266177217,0
588010360142561496,0
587741816778522896,0
587729408085983646,0
587730022795444358,0
588017704538472509,0
587733410455486766,0
588010878233149562,0
587732578840477821,0
587729777988665633,0
587725589847605710,0
588017990155305174,0
587738952032780459,0
587726032792977546,0
587732702335598718,0
587731870708858983,0
588011217526063291,0
587732134844563585,0
587726032769384593,0
587741727648251938,0
587725575886143617,0
588009371757772880,0
587732703409799306,0
587730847424250496,0
587726031690006839,0
587736526445674674,0
587731885733970109,0
587742774561603717,0
587731885738164465,0
587733604792008796,0
587722983901823234,0
588018055650017397,0
587735343187951796,0
587728879270166701,0
588018253219430577,0
587736940370002084,0
587742775632003154,0
588017702383976555,0
588010878231380237,0
587725774529102086,0
587726033318052017,0
588017564949479460,0
587727866186694768,0
587729748449231125,0
587732470384492869,0
587726033846010039,0
587726014004396174,0
587739505543282790,0
587739608093098068,0
587739811038626076,0
587734948579901890,0
587742550155133607,0
588848898835349649,0
587739130812170433,0
587739844316626956,0
587736808303362273,0
587742012746367103,0
587737808492757243,0
587730023334019366,0
587739377240113201,0
587741533839949934,0
587739166775574782,0
588848900436459689,0
588015509813002397,0
587735348575010951,0
588017978345193535,0
587739721388196254,0
588016892249243753,0
587733608021230042,0
587736584433696956,0
588017990694142100,0
587734950196609171,0
587739707410088046,0
587732591714435162,0
587736523763941574,0
587741724976611368,0
588295840713015478,0
587745539436249362,0
588018091084742700,0
587725551195455675,0
587729160056144063,0
587739809947779200,0
587732053238546675,0
587739708482453648,0
587736813674168783,0
587722981743394927,0
587739406775550067,0
587741600949534861,0
588011123583483994,0
587739114166878481,0
587737827282256279,0
588010359088087178,0
587739630096679033,0
587728949588000898,0
587734304877248783,0
587728676856266775,0
587731870172381304,0
587727866720485599,0
587738615414784120,0
588017704021917920,0
587741488754655342,0
587736477596844450,0
587739114710237302,0
587725075528941624,0
587735744230588668,0
587732702314758616,0
587738067275350090,0
587742062682112090,0
587732702313054718,0
587732580980686993,0
587731514220871775,0
587733603727376588,0
587739719217184841,0
587735662084358352,0
587738948285235312,0
587729388226871394,0
587738948273438913,0
587729158966476935,0
587742575373647972,0
587733412597989496,0
587732590110048442,0
587736479201427702,0
587727867256045921,0
587728879793013024,0
587738195036209542,0
587729158975520986,0
588297863111245896,0
587739609702137929,0
587739811022569546,0
587732153640091797,0
587729385532489807,0
588018090014802351,0
587729156279632016,0
588023669171290258,0
587731512604295394,0
588017564950528082,0
587741533328310346,0
588297865805299839,0
587742061625671711,0
587742551223042316,0
587736899038544070,0
587741821602103449,0
588010360151146548,0
587733410979446900,0
588018056184070289,0
588017704005402702,0
588011101035102401,0
587732702857068702,0
588848900971561175,0
587742551226646663,0
587741490889687588,0
587742980174053457,0
588017704561541148,0
587728309099298862,0
588018055648444608,0
587741531705901208,0
587732701798334597,0
588295842316550240,0
587732469849784587,0
587738946131591323,0
587739845387747437,0
587732771040657531,0
587729386616324250,0
588017949901193476,0
587729407548981692,0
587738568165949606,0
588016878293549255,0
587729387152998559,0
587729158448021804,0
587742013829480630,0
587732134842007675,0
587725550666645652,0
587739294013915265,0
587739096444371053,0
587725575890141388,0
587738952562507941,0
587742775641243748,0
587742864748380245,0
587728669339156902,0
587741710491058233,0
587732771054420085,0
587745402006339820,0
587727866182697218,0
587739720827076751,0
588848901525995659,0
588015510350135392,0
587725817485197502,0
587726033863508126,0
588013382208520252,0
587742609726111839,0
587741490914263083,0
587736915682263312,0
588015509264924787,0
588011219142574191,0
588017704539324533,0
587738569243492454,0
588297865256894594,0
588010879830327371,0
587722984430960888,0
587725039556165734,0
587735663163605176,0
587726031184068722,0
588017704017658063,0
587728948515569808,0
587739157646803128,0
588007004178612324,0
587745539447783702,0
588011103178129560,0
588023669166637162,0
587725817483624650,0
587736545778204971,0
588017991770112216,0
588010136267129055,0
587731513149161571,0
588017977801703562,0
587726101482897513,0
587735743697191048,0
588016878286340290,0
588011123042943108,0
587728678469042363,0
587729158447235372,0
587731521199079721,0
587731187812794596,0
587742013278584907,0
587732484351721588,0
587725039557673187,0
587732702853267735,0
587739607554130029,0
587732701795909781,0
587742062126825684,0
587745243081932902,0
587726014545789146,0
587726031696036009,0
588016878826815738,0
587739719217053764,0
587725039564030047,0
588017110225387615,0
587741815177019578,0
588017111289692271,0
588011098873069681,0
587741723364229258,0
587736586580394261,0
587742611882639473,0
588015509266432137,0
587733441582858475,0
587736942518993006,0
587737810651709493,0
587728880330997871,0
587729408619971039,0
588007005269852589,0
587732483806855423,0
587732772667261046,0
587739406771945565,0
587732702870503556,0
588017724404072662,0
587742568399896707,0
587735042539847879,0
587735665853726810,0
587736586575675402,0
587726014536876125,0
587741421099221365,0
587745539440836796,0
587735662082523148,0
588017626164494355,0
587738946130542755,0
588013382189318540,0
587742062666317973,0
587732484363059423,0
587731886810267962,0
587727865644777599,0
587739811557670959,0
588017625613861038,0
587742013277798510,0
588017627757346976,0
587731886805615021,0
588017110220537984,0
587741490913476742,0
587739158731227233,0
587739407298068660,0
587739407334637760,0
587742901795291231,0
587726100416430428,0
587735667454705720,0
587735742074781933,0
587726033325195350,0
587739376156934433,0
587741709399818629,0
587739707943092392,0
587736976880566295,0
587735349636169885,0
587742576452370613,0
587732702315610452,0
587742061606076516,0
587736753546527010,0
587734841741148555,0
587735743687819315,0
587741531705704588,0
587742572150849673,0
587725550660681883,0
587739647809552458,0
587728679004733548,0
588848899398566191,0
587729777987223817,0
587739828209778982,0
588011219672039484,0
587729387682726074,0
587742774548430969,0
587742576453747005,0
587731512083611852,0
587737810108743948,0
587742567319404700,0
587739608619024477,0
587728879800549554,0
588017703476330656,0
587736919976509842,0
587732482750611632,0
588017109686222919,0
587725994109501466,0
588017978882392227,0
587733410993864906,0
587739827664650325,0
588017567099125928,0
587724650339041483,0
587731889502748826,0
588010880374014127,0
587725981761863935,0
587735743694045614,0
587733398649897172,0
587739845383684256,0
587735666376048659,0
587742060554092669,0
587725816946688191,0
587725039553347709,0
587726014547558624,0
588017724406693895,0
587731869088415892,0
587732579385540749,0
587739406241824882,0
587742615101636988,0
588017115053883543,0
588017603610869818,0
587742189899612271,0
587734893827457152,0
587742061588185492,0
587739843773792326,0
587736586050142325,0
587731512617402577,0
587739844311908636,0
587732590642200708,0
588017564949545154,0
587731514222116993,0
587741420565168277,0
587741816251351082,0
587735431228948553,0
587731889504190522,0
587732482735407223,0
587731512606916683,0
587732483269001369,0
587741708338266119,0
587742059986092156,0
587742629072601220,0
587739166237851766,0
587745243624767699,0
587736620395266191,0
588017979448426671,0
587742550142550187,0
588017990699057476,0
587739707401764923,0
587739811035546082,0
587738410328588463,0
587729387147624497,0
587742189910032488,0
587731520674988210,0
587739810486681734,0
587735666924388513,0
588011218063196331,0
587734623246352408,0
588848899917938858,0
588017726017306814,0
587738952570830994,0
587745402006995203,0
587742552284201032,0
588023240204943596,0
588017992311832865,0
587731890576818224,0
587736585512157366,0
587739648346423453,0
587733604802625856,0
587739811567829014,0
588007005777232071,0
588017711509209283,0
588023239133626487,0
587735696986538120,0
587732703943917851,0
587726101489189139,0
587731887351726181,0
587739377779736809,0
587734863219654798,0
587729970711953511,0
587738950955303066,0
587725818557563039,0
588017627243282434,0
587733441588756877,0
587728307488227414,0
588017627771174939,0
587739407307374695,0
587736783610511633,0
587732483832741967,0
587722981748768912,0
587735236345725163,0
587738952567816324,0
587732154182598822,0
587731886277853333,0
587741488765993035,0
587732134311690329,0
588010359084417191,0
587732702870962315,0
587733441050312960,0
587736542560780393,0
587725578035855522,0
587730847965053187,0
587742611350880860,0
588023047478902999,0
587733609621553315,0
587734623245762682,0
588017979434008602,0
587726031172534359,0
587725816415518814,0
587732050553209055,0
587729231982231691,0
587742611878641931,0
587725819099480200,0
587736619324997994,0
587739098059309134,0
587722982820413649,0
587739405714063606,0
588016879366635755,0
587736782534607064,0
587742062166933528,0
587736543094177958,0
587730023863287973,0
587741533861904446,0
587731185658560676,0
587732053244117152,0
587735667452608631,0
587739706875838606,0
587742189905182848,0
587735348026933482,0
587742060533579927,0
588017704557805760,0
587726014006689867,0
587742062145830983,0
587732771055599808,0
587739815318323551,0
587732702318952642,0
587729387138187465,0
588017978370752685,0
587736807766491271,0
588017702939197670,0
587735044148429049,0
588007005782343816,0
587742774012805203,0
587726033874649267,0
588017726009835694,0
587742189908852999,0
587739631706964074,0
587732484897833094,0
587736525370622022,0
587725774530936974,0
587733428164231205,0
588017726541004963,0
588297865268691046,0
588010878231969947,0
587738196121682121,0
587732590104870999,0
587725576423604429,0
588848899917873450,0
588017725477159138,0
588017705071214706,0
587739719758512212,0
587731892185137287,0
587729388219596990,0
588017977801375966,0
587738947209199759,0
587738570852270238,0
587732482744123522,0
587738411401347178,0
587725816422924350,0
587732701799776414,0
587741709415743646,0
587739828197720149,0
588017724931833998,0
588017949352788085,0
588023669703639157,0
588017978348142606,0
588298664117797071,0
588023046401556763,0
587742190975647919,0
587735695367536722,0
587732484900716553,0
587729778526650671,0
588017991762903149,0
587731172233445462,0
588007004198732230,0
587729652884832594,0
588015510368682105,0
587738946679537768,0
588848900987551824,0
587735696985424100,0
587741490898665664,0
587734304342147293,0
587726014010687705,0
588017990703513883,0
588016878293352603,0
587737810115166254,0
588017724395159714,0
587738409786540189,0
587733604795089055,0
587732134310707217,0
588015507679412417,0
587738616493375538,0
587731869632430237,0
588007004188836075,0
587734949119000610,0
588017625076989994,0
587733608016773294,0
587739707403665467,0
587733442655748336,0
587736919967531267,0
588013382746505419,0
587732483833004217,0
587742772948303950,0
587732483293511869,0
587733081883934845,0
588017571923493002,0
587726014000136374,0
587725471208767669,0
587725773460078853,0
587742012744532080,0
587729385546186883,0
588017726543560794,0
587731187268518115,0
587745540518051881,0
588298664115241083,0
587741817856327842,0
587739305288466530,0
587739156584005739,0
587722983906148504,0
588017977813237843,0
587741391572893946,0
588297863112359978,0
587726100949958853,0
588017625616154733,0
587729777449697593,0
588297864709144927,0
587734863757443190,0
587732577769554073,0
587725040356360304,0
587739407330836588,0
587735343725740235,0
587742012743286908,0
587736783610708284,0
587725472806535254,0
588848901528879317,0
587732701790470338,0
587742189368508484,0
587739132416557077,0
587736585507242255,0
588017110218768517,0
587726033313398968,0
587735349086257819,0
587736940378849468,0
587742552282628156,0
587737810652233892,0
587741532252274767,0
588017111828856986,0
588017978376716713,0
587735428544069766,0
587731892190838874,0
588017949353508901,0
588017947742306446,0
587739407842279548,0
587733441593278549,0
588023722319282388,0
587742774558457943,0
587725550140129430,0
587742593084686494,0
587725551732719946,0
587726031703048394,0
587739504478585052,0
587725551206203549,0
587736542019846428,0
588017948288942198,0
587733080280727613,0
588017947734769697,0
587742013290119322,0
588017947744272520,0
588017704560820450,0
587729777453695048,0
588011123583746171,0
587729773680394394,0
587739406799601967,0
587741490907775006,0
588297865796780131,0
587739131353039134,0
588015508730151008,0
587729774217527424,0
587739380991656087,0
587741707812470871,0
587729387157258397,0
587739458299822093,0
587736542554882347,0
587737809577312312,0
588848898853044367,0
587739607563042929,0
587742014344659054,0
587727942951633270,0
587726016158761021,0
587739458834661567,0
587734862683701391,0
587741488762912892,0
587726016154108031,0
587742012743549069,0
587738947195699208,0
588010358001369282,0
587739131882832112,0
587739814240714920,0
588017978887897181,0
587741727656837201,0
588023668628717783,0
587741533313237109,0
587739809950269586,0
587732483818651754,0
587736585517400501,0
587729160052605229,0
587725491062899102,0
587735667449397308,0
587736479200575650,0
588016892247670919,0
587738564944855364,0
587729229294141591,0
588010880377028773,0
587733080814649455,0
587731520672432242,0
587742013288808652,0
587728947975028892,0
587738371669033499,0
587742188843237480,0
587739132954411188,0
588010877689987183,0
587738946676719816,0
588023239131201571,0
587733604267917641,0
587724649796272270,0
588018254827159631,0
588017626145292409,0
588017702397411485,0
588010879299485792,0
588017704007565398,0
587738411944509559,0
587739406758576483,0
587739809957609693,0
587736523759747252,0
587732483805675695,0
587739132960374993,0
588017947219263686,0
587733608017363162,0
587724650327441446,0
587733604808851716,0
587732470383116577,0
588017720110219269,0
588295841244446830,0
587742627985948869,0
588010877692084386,0
588017704552497382,0
588023720708866184,0
587731500260655254,0
587735430157762643,0
587741601487061134,0
588017992312815931,0
587742551225729398,0
588297864712749266,0
587741532772630761,0
587745402541572289,0
587729409424032293,0
587735236342907255,0
587724650334519496,0
587742567320977527,0
587736584977711138,0
587742588792668453,0
588018054582435868,0
588010880375324798,0
587725818034192536,0
588017726019600590,0
587725040628924431,0
587730022795116772,0
587739609710198839,0
587739405719109782,0
587739407330836673,0
587736586050994537,0
587736585510846750,0
587739609165135993,0
587732771582902390,0
588017115595276478,0
587738410335207518,0
587731187282280584,0
587737808490136010,0
587732701798531197,0
587729751131095373,0
588023047471628315,0
587739304214593718,0
587729751671177337,0
587742014343544915,0
588017948275769512,0
587735743697847084,0
587741830194856107,0
587734894363803739,0
587733397023752337,0
588848900995678397,0
587729387677351981,0
588848899390832816,0
587731511541563518,0
588017991227932749,0
587728309635448975,0
587732053237563727,0
587739407341388015,0
588010877681664127,0
588017626145751140,0
587741489300832369,0
587735347499302949,0
587726033854201958,0
587736477057876188,0
587744874253189352,0
587742611339411702,0
588017991771881737,0
587738952030879886,0
587742061602275446,0
587729231442346231,0
587726015090327682,0
587739720848507271,0
587729782810607737,0
588017949353902114,0
587736478126964879,0
587728668807856315,0
587741533845651657,0
587739609707708510,0
587733429773074515,0
587739827132563709,0
587742013284941931,0
587739157113274382,0
587738067268272384,0
587729158975848593,0
587729777975623840,0
588016840712716654,0
587735429617549480,0
588848900460183790,0
587736546848997872,0
587732576702169195,0
588295842857484305,0
587729747912818951,0
587737825673806115,0
588017604150755459,0
587732054313075007,0
587739720831533167,0
587739706875773156,0
587742015422660766,0
587725470131880130,0
587732582593396863,0
587741727653036213,0
587738570316972220,0
588017627241906351,0
588011098873266321,0
587731514222706776,0
588010878757503081,0
587741815706222881,0
587725040090349697,0
587738946139390133,0
587738947746726129,0
588848900431413596,0
587745243616182847,0
587732134839124215,0
587731512617992311,0
587731890044731501,0
587729160052998279,0
587742576446472293,0
587739096456167478,0
587744874791567652,0
587734947518873683,0
587739845393645905,0
587742627445276828,0
587734305953743016,0
587736478133977405,0
588010360158879892,0
587725489986928743,0
587733079203184809,0
587733425479942247,0
587739609702531174,0
587739828752023876,0
587735661015924998,0
587726033321656439,0
587742014377164804,0
587727942953926767,0
587725817485787346,0
588017703476330684,0
587733441055818298,0
587742575921594558,0
587725994648535352,0
587739811035611274,0
588011218607734936,0
588017702922354833,0
587731521736868007,0
587729228225970326,0
587742062162280693,0
587730022790987934,0
587728947973652695,0
587725551739601009,0
588017702406783183,0
587742061086376094,0
587745539432907299,0
587739505542561968,0
587729652888699287,0
587736752471408887,0
587741601496891505,0
588013382724288726,0
587742061601554552,0
587732482211250327,0
587728948512424045,0
588017979410153730,0
587737825675772115,0
587729653960409239,0
587745541050859734,0
588010878222729263,0
587741726582898835,0
587728669876945125,0
587729388217630751,0
587742629063950567,0
587739811035480287,0
588017703457390775,0
587738197191229666,0
587734690885730552,0
587733079195975700,0
587739721368207370,0
587738569237332024,0
588017603626532996,0
587739811556884665,0
587731889505173599,0
587728931875651857,0
587736898502328655,0
587732592251371638,0
587729776912630049,0
588007005789880444,0
587736478132207773,0
587739505542562014,0
587741602035269753,0
587742189912064183,0
587739721903046763,0
587742190987444436,0
588013382199804067,0
587741727653429314,0
587741708333941002,0
587742610810601756,0
587728309101265004,0
587739407830876597,0
587725589849309510,0
587728668801761483,0
587741727115509850,0
587739843771039897,0
587734950206701674,0
588007005239902327,0
588011217532420341,0
587736584430747858,0
587729776374448257,0
587725818021806316,0
587739304223506650,0
587739652641259704,0
587732583127842984,0
587728917374828669,0
587733081356239044,0
587735348041023561,0
587733399716888727,0
587735343192080579,0
587741819990573255,0
587739720832319596,0
587728947973783727,0
587738617559187495,0
587742014365302934,0
588018091078385848,0
587732482218066055,0
587736753546395925,0
588017726015930589,0
587732484358733969,0
587722982300188997,0
587739376690921959,0
587728308561444985,0
587727866179879265,0
587736975809970253,0
587739377772003490,0
588010878220042408,0
587735349108539497,0
587738568177221723,0
587739844858151276,0
587732578298233202,0
587735343729344608,0
588023240743649366,0
587730022801015035,0
587733605332484176,0
587729387140874418,0
587742864741892178,0
588011101031432377,0
588011123578437734,0
587742773479407763,0
587733080280203372,0
588010137337135267,0
587726102561947942,0
587731500258885737,0
588016892786049189,0
588018090013491564,0
588023047482245174,0
587745539972989246,0
587725473881063532,0
588017990686474357,0
588010880364970066,0
587729409153892590,0
588297864194162796,0
587742061045285558,0
588017111290478673,0
587745539447652501,0
587732136999714904,0
588017115595145300,0
587741390502690962,0
587741726039212197,0
587733441591312911,0
588017625076269183,0
587739165700653228,0
587739708484812882,0
587739296160481459,0
587725589311914410,0
587732054318579867,0
587732484898684951,0
587745403615445205,0
587736477060759738,0
587742572145606776,0
587732050021318756,0
587739382064414893,0
588848898835218618,0
587745539431399827,0
587732592251109560,0
587728948515569799,0
587742013272096889,0
588017703998783627,0
587732582590382169,0
587732577225081166,0
587725550133641332,0
587734893288489054,0
587738564944396541,0
587729776907387210,0
587738564942365364,0
587726015617958016,0
587728931877814396,0
587729158984171799,0
588013382730055893,0
587729386081943738,0
588017625609470120,0
587735696440688688,0
587739114168778908,0
587729158436880530,0
588007004702245071,0
587726015079973045,0
587741709957333118,0
587739407314649261,0
587739407836971144,0
587728677392154836,0
588017992301871230,0
587739720846540978,0
587739406247264368,0
587745243085406221,0
588010359601889625,0
587742901794701480,0
588013382718980643,0
588018254300971341,0
587729158972899489,0
587739609712033858,0
587725470662590755,0
588018055652049075,0
587731873922416832,0
588017605220892779,0
587736915141067028,0
587741815701111005,0
587739706875969726,0
587732053241168091,0
587736478671962450,0
587733398653370602,0
587732702335926430,0
587738570848338031,0
587739380452950206,0
587732771591225519,0
588017566562189509,0
587731514224541805,0
587738573534724402,0
587742014345380047,0
587742190440022154,0
587735696987979865,0
587732582052134937,0
587741490365333727,0
588017627223425168,0
587732771036528725,0
588010135189717243,0
587734621635018848,0
587729153599275115,0
587732771591094419,0
587737825681277151,0
587734893820379260,0
587736586580066752,0
587734892214026323,0
587742865815502908,0
588017949888610442,0
587734950198444232,0
587745244701392914,0
587729231982756263,0
588017112363303044,0
587739826587828403,0
587739720833106052,0
587742610265538822,0
587725552820486256,0
587732589567082646,0
587738947740565685,0
588017724401844388,0
588017719564304396,0
588017979974942914,0
587726032780656777,0
588018091084808457,0
587739646741971081,0
588017721176948783,0
587739377227661358,0
588017991767752742,0
588017949357441123,0
588010359613423777,0
587726101488730385,0
587726033855381595,0
587742590406361249,0
587742012755214508,0
587732701777625417,0
587742865279418419,0
588017990687457443,0
587736541484941567,0
587729387149656114,0
587739133491085402,0
587738570310287570,0
587741390498889994,0
587725039551119521,0
588007004708864189,0
587725817490309230,0
587725551198208212,0
587735667449200728,0
587731173843730533,0
587742550687416541,0
587739827135119507,0
587722983358660832,0
587741488758587423,0
587735662090190969,0
587729748448182794,0
587739827130794280,0
587734894364262445,0
587726014538973332,0
587737808497148078,0
587725775604547973,0
588017729229619349,0
587729747375489324,0
587734861607731335,0
587733604267393291,0
587739407292039288,0
587736478125260847,0
587739407869214927,0
587742568395571393,0
588013383801241769,0
588017990151766077,0
587742578068815936,0
587742568392818806,0
587734892755681370,0
587722982287868146,0
587733397573206384,0
587742014352195756,0
588017604674781319,0
588009368547754083,0
587739845397512872,0
587732577235697762,0
587742573223805086,0
587730023593410783,0
588017949357375611,0
587735347485606033,0
587739380989558802,0
587736946814484829,0
587736919439769950,0
587738411397677221,0
588848900994564187,0
587729776902340777,0
587739407864889616,0
588017991768146110,0
588017111828922603,0
588017723867595043,0
587730848497927190,0
587729160056668398,0
587725551733309605,0
588011219140542611,0
587729158984892652,0
587741817315590289,0
588017605220696130,0
587732771032662287,0
587742628533108870,0
588297864721662151,0
587742060531482702,0
587735349637152815,0
587732471456006354,0
587742573759299676,0
587739811562455118,0
587742061070581911,0
587729409156448751,0
587725039025848456,0
587726015622086874,0
587737809564336381,0
587734863759343746,0
588010877682319443,0
588015509263286360,0
587731870168252613,0
587742062164312212,0
587725075529007408,0
587722983360102595,0
588297863639531789,0
588017703487995911,0
588017626682622203,0
587737810645221588,0
587728309633482937,0
587732703406915700,0
588848898844917940,0
587745541052629200,0
587735664770875547,0
587732154182926484,0
587735344799809708,0
588015509265121377,0
587741815711662274,0
587722982837190854,0
588295842324742238,0
587729157892210844,0
587731870163992757,0
588023239131726102,0
588017713661018284,0
587733603191226673,1
587732484902027382,1
587739407838675113,1
587729777445503222,1
587738570855546984,1
587739810484453518,1
588013384355610642,1
587731512617861232,1
587732771035480329,1
587732703407636656,1
587739721376989325,1
587726031693938889,1
587744729298960622,1
588023721786081377,1
587742551213801552,1
587729387687968982,1
587734893288816771,1
588017978378617258,1
587742550138552517,1
587736941995622786,1
587729160040742942,1
587739302610468893,1
587731681196900436,1
587729387673550984,1
587725816951210181,1
587741828585029650,1
588017702920257723,1
587741532769419550,1
587739646736203895,1
587731868557574320,1
587735349635186833,1
587742013814997030,1
587739608626626649,1
587739720832712826,1
587732577761689879,1
587725993574138125,1
587724650327441416,1
587725039021916298,1
588023668097548475,1
587735348564525153,1
587739811556884636,1
587739827133219054,1
588017991226818792,1
587735744222134498,1
588017724400730364,1
587728308566819134,1
587742013297197242,1
588017979422801993,1
587725818575257861,1
587739829271461995,1
587728679543504957,1
587736479198675138,1
587734690885468372,1
587732484899668130,1
587724650329997405,1
587739304755003485,1
588017949350166660,1
587732484376363261,1
588016841249653004,1
587739646208442578,1
587726014550704258,1
587732136451440763,1
587735743148654923,1
587741726042685459,1
587742012744663151,1
587736976887644190,1
587739302612762645,1
588007004172058801,1
587739375632908395,1
587741816777408739,1
588013381672697978,1
587742014357504220,1
588010878764777696,1
587725816940724372,1
587733604257038555,1
587742629063032973,1
587738947743645871,1
588017605238259900,1
587739407865741478,1
587736977416847492,1
587736962923233449,1
588017979424112733,1
587735666381947088,1
587731498650501255,1
587722983373471949,1
587739408406151359,1
587736541481533486,1
588297864708817262,1
587735696990208135,1
587742014376378627,1
587736478666719518,1
588011101569024143,1
587739406249164911,1
587731680114639093,1
588013382189187334,1
587731186199756913,1
588298662509674764,1
587741817309036753,1
587735348547683041,1
587739707957051679,1
587738951495712953,1
588010879302697121,1
587736546309046366,1
587742551754473637,1
588023240743649479,1
587733608019525954,1
587742013835575496,1
587738947747840017,1
587742013292806336,1
587736525374750915,1
587739719757856859,1
587731874462105902,1
587732469850505407,1
587732134853017699,1
588011122502664338,1
587735429083889780,1
588015510340829286,1
587737809564926287,1
588018055123960042,1
587731499725488303,1
587739719755300871,1
587733079738482848,1
587739646744723561,1
587729159509901414,1
587736478134042941,1
588297864187543678,1
587741708874154173,1
587726015627002114,1
587736914605768984,1
587734948589142084,1
587739114700537971,1
587739153352229303,1
587729652347109458,1
587734690351874299,1
587741490900369552,1
587742774014836845,1
587742902331244663,1
588017111290609806,1
587732581518082240,1
588017604156457121,1
588015508193214489,1
588007004720464080,1
587736941995950529,1
587741489825185997,1
587725074991677745,1
588017627244593391,1
588017977822609506,1
588013383817887883,1
587732577763131565,1
587733608552136904,1
587744727151083746,1
588023669168734214,1
588017626149027981,1
588017948823060574,1
587742627450192084,1
587739506623185018,1
588017719564435533,1
587741489293033544,1
587745245236232339,1
588017626691862710,1
587726032258334974,1
587725491060539609,1
588011124655128675,1
587742013820436636,1
587742568393081021,1
587725503946883090,1
588017571924279380,1
587739809950990489,1
587734948057514108,1
587739303683358897,1
588295841243201651,1
587736940913950872,1
588017603608969323,1
587738066196103287,1
587731890576162905,1
587741707806703725,1
588011218062147757,1
587741533864591546,1
587724648188674179,1
587738569777414299,1
587745403069006117,1
587735666380243001,1
587731187820462112,1
587739810498347126,1
588017979956985968,1
587742614559785152,1
587728879272460406,1
587736619862655277,1
587742577535746341,1
587742627452813370,1
587742567321305244,1
587736477597237298,1
587725039561539800,1
587739377235919082,1
588016527171321955,1
588017991234748572,1
588013384353120364,1
587745540514054245,1
587736586050011412,1
587736805081677919,1
588017991241564484,1
587735661015400535,1
587738565480350164,1
587738947208282197,1
587739811559047268,1
587742576977510632,1
587741534393401402,1
587735346952011780,1
587739648893517924,1
587735428547477690,1
587742568391835798,1
587729233054138664,1
587731500260720792,1
587739707954430113,1
587732577775452391,1
587736584977645687,1
587729753279496516,1
588297865249161369,1
587736916211925213,1
587735662080950285,1
587734622165729383,1
587725040633315574,1
587725818551009442,1
587739406756348403,1
587732052708360316,1
588017726020714585,1
587741829123211426,1
588023047474643220,1
587739809952104548,1
587742551219110064,1
588297864721924178,1
587739815317274825,1
587731870164648066,1
587729158433734726,1
587727944564015408,1
587738951495057525,1
588298662502006840,1
587742190978007114,1
588010877685792890,1
588848899911385353,1
587741491445956717,1
587741488762781822,1
588017719577083971,1
587741815703732353,1
587736543088935080,1
587735744230064288,1
587742865821990973,1
587731868016050282,1
587731186733285476,1
587732484893573317,1
587741830192103434,1
587738372209639621,1
587736915676954807,1
587731500797853851,1
587725774531133474,1
587742610269995319,1
587738947734536557,1
587739607545806952,1
588015507669057650,1
587741534401593363,1
588848899908501654,1
587728669878648987,1
587725775605530895,1
588017625085968445,1
587742015439437970,1
587736524834144430,1
588017991242940731,1
587733081878954177,1
587732053243985984,1
587745540518707271,1
587726100948648105,1
587732482746810465,1
587736920508399689,1
587738410328981641,1
588023048018001996,1
588015510338666566,1
587733080275026014,1
587741601501806625,1
587729970721456530,1
587745402540130555,1
587728310177431710,1
587726016148471931,1
588017978911490260,1
587738066735071451,1
587732484897702016,1
587738568174272567,1
588298664114585707,1
587741725500506182,1
587741490905612382,1
587731892186644577,1
587739720299643040,1
587729231443984541,1
587729776905617441,1
587739845394760078,1
587729387141595287,1
587729385547104406,1
587736975806955576,1
587739098055770227,1
587739609169723453,1
587722983894220949,1
587738570852401377,1
587738570320117771,1
587738574609383597,1
588018055665746465,1
587728880331129156,1
588017625087737918,1
588295840710656141,1
587738952029896845,1
587741392103997739,1
587731890039029954,1
587730022796624187,1
587742060534104084,1
588016892250685482,1
587741708874874952,1
588017111833968667,1
587732054314582276,1
587741819990376605,1
587735695368519716,1
587736585517138215,1
587732482211840087,1
587742775625318541,1
587742566785482925,1
587734893290913849,1
587741721750077632,1
587734949653971304,1
587735042544238783,1
587731512069455963,1
587742061633863997,1
587733604806295999,1
587732050551308466,1
587729387149066348,1
587741489832460443,1
587731187272122392,1
587725469596713159,1
587732702853660902,1
588015509822439529,1
587732771056255165,1
587741709954121847,1
587729772607701010,1
587732772661559415,1
587738409795518558,1
588016878292893841,1
588018253226049759,1
588017991220920439,1
587738615951327339,1
587722983897891025,1
587731512605933668,1
587736584435138972,1
587732579376693407,1
587735664777953490,1
587739646204772372,1
587731870161829938,1
587729158977880249,1
587742774022635566,1
587741390495088828,1
587729409682309282,1
587735348031324365,1
587736584975286498,1
587745969465131263,1
587739608627544089,1
587742629592105090,1
587732482204565643,1
587732772665360427,1
588017990160613577,1
587741532236284170,1
587733399187423661,1
588018056718909472,1
588010358544924878,1
588297864725463150,1
587736941993853185,1
587741602022490224,1
588017116659318917,1
587739380988772421,1
588017711511371892,1
587736477598744954,1
587736525912015131,1
588010359075963108,1
587742189363134595,1
587735666916261999,1
587742189907345574,1
587729158977159386,1
588017703478624428,1
587739303685390414,1
588023240206647485,1
587736781994393809,1
587742013818667110,1
587735666386469024,1
587741602576400465,1
587735666382798983,1
587733608013955361,1
587735343722594607,1
587736525369376996,1
587739651033399476,1
587725041701945524,1
587742628519674038,1
588017627222245380,1
587735044150067433,1
587739707944402960,1
587739131892465927,1
587725590923378957,1
587739505549639805,1
587742189364838580,1
587741601488502966,1
587741532785279042,1
587739707412906182,1
588298663580598422,1
588023046943146076,1
587729386068181017,1
587738572461178968,1
587736524837683355,1
588017114515832936,1
587728931880894564,1
588010135729274935,1
587732054318514348,1
587742627998203971,1
587732582590054609,1
587736812601147706,1
587729408612958423,1
587732577233338481,1
587742013812244599,1
588016841245196495,1
587742014344790194,1
588018091081138197,1
587733441044021306,1
587729159522681179,1
587733442656010474,1
587742573220200621,1
587732050024792242,1
587736807762362573,1
587728948511506650,1
587728906638000459,1
588016841244082526,1
587731186203492528,1
587738568704065607,1
587739096985043125,1
588017567629115444,1
587739157652242495,1
588009368010948843,1
587742060557041721,1
587739707956134155,1
587742062692008126,1
587739115240030480,1
587738196113621221,1
587736542554292351,1
588295840711573626,1
587742551756046661,1
587735349103165591,1
587726100952252592,1
587736545774928114,1
588010137337331827,1
587739608633114787,1
587739646210539600,1
587728310180249690,1
588848900978835600,1
587732771592208524,1
587728879795700010,1
587742863672672336,1
588017626687406155,1
587732769986969729,1
587736916752728319,1
587739845394432728,1
587742578051121293,1
587731185665638560,1
587738195577143434,1
587729155744858240,1
588017704014905557,1
587736584966504737,1
587732590108016789,1
587739809953087693,1
587732577766080673,1
587739721384264014,1
587742062693384307,1
588017979446001768,1
587738947220078723,1
588007003620180283,1
587739407877734636,1
587742575915368690,1
587733605343625561,1
588017627221852253,1
587732582588219581,1
587739510910288111,1
587739407871377696,1
588007005239312444,1
587746211057959018,1
587739382065397844,1
588010135730585651,1
587736477588848646,1
588023045865144490,1
587741816775901268,1
588017726548541627,1
587738574604271848,1
587735744231440413,1
587726031176138910,1
587741566587699341,1
588017948828827834,1
587742010042745123,1
587733428161020091,1
588017703485833441,1
588010878770216966,1
588017978900938802,1
587742566785417351,1
588017948272099497,1
587728881419419763,1
587745538906849419,1
587734861611204737,1
587739131344453838,1
587729228226756815,1
587739720843264257,1
587729774221525149,1
587739720846016675,1
588010358544531593,1
588007004726362226,1
587726032231399508,1
587741721212092511,1
587739131878113485,1
587742775095459933,1
587726015069487247,1
587741488762716261,1
587741708881756258,1
587745541046993203,1
587742901792866409,1
587742588791947506,1
587746211057500290,1
587728308564394065,1
587739096446140539,1
587738615953555661,1
588017978872102988,1
587742014345642104,1
587726032263119056,1
587735742075437212,1
587731870707024008,1
587729747913474278,1
587725774529888536,1
587735348029882528,1
587735665850908870,1
587745403614920890,1
587739304756379780,1
587735661015793792,1
588016839639564461,1
588018254302478801,1
587732702859231346,1
588015510338404450,1
587745540510122374,1
587733605865226399,1
587733195698143290,1
587732577774010514,1
588017703491928398,1
588013382189515016,1
587739609160417293,1
587742576999137521,1
587730022796951820,1
587732577222525396,1
587742578052956309,1
587739828214759438,1
588017978360004749,1
588017605220499612,1
587742593621622979,1
587733605340479770,1
587729160574206037,1
587739811038102124,1
587736976352936278,1
587739608621383816,1
587729227690934493,1
588297865265217643,1
587739132422455370,1
588007005805084757,1
587733079194337366,1
587733604804002048,1
587726032801169495,1
588017948816310407,1
588017627772027005,1
587725816407261327,1
587726032231727355,1
587742062665728255,1
587731512084725935,1
588017992306196600,1
588017948272623701,1
588017570316353749,1
587742772958068805,1
587741422176633021,1
587742014905975014,1
588010359067312265,1
588017978359873635,1
588017567631736892,1
587739811564945627,1
588017111827284086,1
587742014340792461,1
588017704024342709,1
587739827664257146,1
587731912036974654,1
587725470666064138,1
587731512604557423,1
587741602026094729,1
588016879364669755,1
588017606284279922,1
588017978352599061,1
587736942520238244,1
587741708871532595,1
587732701794271379,1
587732770515648638,1
587742550681649223,1
587739507159990377,1
587731186207752288,1
587742189372571815,1
588017725474537629,1
588017949346824290,1
587736915150766288,1
587736919437607200,1
587742062692007968,1
587729751674978733,1
587736586578821277,1
587739408392126575,1
588017604152524884,1
588848899897884886,1
587742061092208784,1
587734304880591096,1
587724650339369164,1
588017949350035600,1
587725816963334288,1
587739719222165617,1
587741725508829305,1
587736783611429177,1
587733080275288253,1
587738950417776731,1
587739303685324915,1
587729160046051470,1
587741726040522855,1
588018091084612025,1
587736478670127242,1
587736946278924892,1
587725552265265375,1
587742551227040089,1
587742550682239214,1
587728948514324568,1
588017719570071663,1
587739132417671323,1
587725816407195676,1
588017604680482964,1
587737810113069150,1
587729407548523094,1
587726016145784984,1
587729228225184026,1
587735042539847791,1
587736542548787310,1
587739811027812575,1
587739506081726595,1
588017604160585801,1
587732703408357509,1
587734622165008753,1
587729653962703129,1
587731869098377349,1
587736619867308566,1
587731521743159427,1
587725039551119504,1
588010359625220208,1
587730846355554688,1
588010137343557789,1
587722982286884978,1
587742578059182184,1
588010360158027916,1
587741727123374180,1
587736915680559134,1
587742551213408402,1
587729388208455933,1
587731187801325922,1
588010359075963059,1
587734948586455262,1
587734894364655689,1
587742059988779133,1
587741708322406910,1
587733608554233987,1
587742551762010367,1
587742012756852757,1
588010359621026040,1
587729160049852468,1
588010880369557571,1
587739845394497758,1
587731186737479833,1
588017566555439201,1
587738409251373278,1
587732771583754454,1
588017948277145686,1
587742615639228755,1
588017605761040474,1
587731870708596837,1
587725576426356869,1
587731680651772159,1
587736783072198876,1
587736808308080819,1
587733410984951904,1
587739505542496380,1
587742571608473765,1
587742061046858266,1
587735240640037004,1
588297865251389582,1
587735043078684820,1
587729778524291322,1
587725550662320313,1
587731174917145317,1
587738410865066083,1
587738950420398228,1
587733399173398666,1
587739843774513359,1
587736543090311257,1
587729752205951190,1
587739721361391764,1
588013383267582025,1
587739720298463392,1
587736976883908861,1
587739844850221116,1
587726102028288228,1
588017947741323388,1
587726015623659742,1
587725818033799331,1
587739707405631587,1
587741720674631813,1
587732484352114721,1
587741708880904334,1
588011124650672157,1
587732152568447156,1
587732591179333762,1
587739707939881094,1
587739844317020310,1
588017978880950356,1
587734304344113375,1
588017990155763833,1
587746209447411893,1
588023046411190540,1
588013383819591784,1
587732577758150825,1
588010359078977637,1
587729773147062416,1
588007005805216149,1
587741489837113479,1
587738951492698322,1
588009371222409417,1
587726102563258392,1
587735043076849830,1
587741727120163001,1
587722983897170083,1
588023720173174883,1
587742576984064208,1
587738618098155635,1
587741421105381390,1
587731498652205233,1
587732483822583837,1
588015510351773833,1
587742576992059687,1
587725505555661030,1
587741488757538905,1
587736523758305288,1
587726032780263650,1
587734892219596881,1
587735490282586248,1
588023047475429611,1
587739302612041783,1
588017978893074495,1
587742578069471432,1
587735342653505584,1
587729408613548252,1
587742060558745817,1
587732048408412337,1
587731187280969914,1
587745244159738094,1
587735696452812914,1
587739407339553060,1
588013382725402844,1
588017728694255689,1
587728678467469458,1
587738371673489719,1
587728880332308694,1
587739405706461279,1
587741387809620192,1
587728932417241302,1
587736945739301370,1
588010358551085220,1
587725552266641556,1
588015509276590237,1
588013381669290155,1
587735347486720157,1
587734305419362465,1
587737825676886078,1
588295842318581847,1
587739304215314551,1
587728677394907313,1
587726031705538782,1
588017977840828692,1
587739114706632889,1
587732153101516996,1
587737808490856936,1
587726102025076898,1
587741603102982187,1
588017724406431926,1
587731520671187078,1
587736942524235951,1
587732053780725998,1
588017722258554954,1
587733608555020541,1
587726032796385449,1
588018054576537719,1
587739459375530137,1
587742610262917137,1
587738569246965912,1
587738410323083345,1
587742903939891362,1
588017703459422230,1
587724649254420681,1
588017704032403956,1
588023668636647582,1
587732152566939750,1
587729752210539046,1
588018055128351040,1
587738568175845401,1
587729651810631861,1
587726032799203494,1
587735665304404016,1
587726016687439969,1
587729409684078717,1
588017977807601796,1
587741533864132779,1
587725073919115472,1
587733609627189358,1
587739827132694782,1
588015509273575581,1
587735743150424351,1
587739098594148460,1
587741534400020593,1
588017705076588646,1
587745401997164836,1
587741709405847746,1
587736584432714002,1
587742775090741367,1
587742551223959897,1
587725040625254572,1
587734861611204771,1
588848899376873605,1
588023045873205432,1
587741709408207041,1
588017979424636984,1
587731521203208214,1
588017729764130821,1
587730022251495559,1
587741490369331331,1
587738951492763811,1
587739706339492069,1
588017725470736530,1
587739295626494105,1
587745401999327447,1
587732152555471158,1
587729751668883843,1
587742189377749140,1
587729752746754337,1
587726100951662762,1
587732578308522092,1
587732469851816030,1
587729777441243404,1
587722982292652134,1
587742061090766902,1
587739303685652495,1
587738573532889406,1
587732054307963423,1
587739157651914755,1
587741533318938753,1
587742572146786316,1
587730022251888832,1
588016840704328342,1
587733603185721402,1
587731873387774131,1
588010136804589716,1
588017977280757857,1
587741707799691445,1
587741600953598078,1
587736478672027916,1
587734892751355933,1
587726015608455304,1
587736898497806404,1
587739707416052039,1
587739648885915705,1
587726031709536393,1
587734690884747292,1
588017947752267893,1
587730021721309294,1
587742904474140870,1
588017725482074350,1
588007004722626724,1
587733604804460724,1
587735661012189247,1
587742889972859191,1
587742578062655591,1
587734861610680462,1
587736543098765599,1
588011124649820227,1
587742189379518690,1
588017565485891713,1
587732469849784473,1
587731514219036718,1
587736941449380056,1
587742013298508078,1
587725816940200075,1
587739376164536397,1
587742628527013997,1
587725039557410957,1
587734949128110195,1
587739406804320435,1
587736975814951210,1
587742550682435775,1
587732483284271210,1
587742013807329386,1
587726032236249253,1
587732483804692713,1
587732772662804668,1
587741709404406068,1
588010360147149024,1
587732135922761958,1
587741816781144310,1
587736809378742296,1
588015509280063580,1
587736478661410950,1
587734949654364610,1
588017978335953095,1
588015510356885709,1
587738952032125108,1
587741490365857966,1
587738410321641731,1
587745540510122192,1
587736543635374335,1
587732770522529893,1
588010880382402688,1
587729228221251703,1
587733410989801644,1
587736542023844171,1
587736976887513452,1
587739375628517491,1
587732471459807490,1
588007004731867498,1
588017724943237318,1
588297865801367686,1
587742013798875359,1
587742551752048781,1
587738372743888974,1
588017713123491878,1
587738948832198740,1
587739706880163982,1
587736940910543091,1
587742578051252232,1
587729777443799162,1
587735662623457362,1
588848900441899191,1
587736812598526233,1
587738197189918790,1
588017947745779820,1
587739407336407179,1
587739406804975748,1
587730023336378628,1
587732701797679194,1
587739405720289423,1
587725551218131104,1
587734305954005277,1
587739130811318372,1
588009368015011955,1
588013382197903486,1
588848898853634244,1
587725039026897128,1
587739408407855336,1
587736584978759903,1
587729408085918143,1
587737810112610366,1
587736523760730290,1
587739303687094311,1
588023670242410519,1
587736586576855188,1
588011218063851580,1
587732582055870638,1
587742865816944742,1
587727944566833344,1
588297863646871632,1
587741391575711865,1
587728308025950365,1
587725817501384763,1
588017702941950087,1
587733196769591355,1
587735349643968582,1
587739131352055821,1
587741489819353288,1
587739407869935851,1
587732577239171242,1
587736963459449012,1
587729748450869466,1
587739647815909467,1
587729157907284216,1
587745538908291246,1
588017978339164232,1
587741600413581454,1
588848899380478186,1
588011219145916466,1
587739812096639059,1
588023045865472209,1
587729387153784932,1
588017605769625702,1
587741532766142904,1
587728308024705218,1
587736546308915256,1
587739721376792749,1
587741725502210165,1
587739828215349505,1
587731511536189606,1
587739152821059620,1
587736808299692192,1
587726014539432112,1
587742191520383064,1
587742189901054081,1
587729159520125125,1
587730021722226948,1
587742061606928493,1
588009371225358442,1
588017991761526890,1
587742616173019457,1
587745539968139598,1
587739382067822657,1
588017115054538886,1
588015510340370577,1
587735666394857764,1
587726013994893363,1
587732703405408332,1
587738572458492037,1
587728918451716260,1
587739707948204093,1
588015510344040614,1
587736543085789314,1
587738947744366692,1
587736542029611537,1
587733079209017440,1
587732582055346385,1
587739304753365001,1
587741532228747659,1
587728931332489219,1
587732136996765809,1
587739721372663953,1
587741391034515615,1
587738572997787811,1
587728309101854886,1
587733410990588043,1
587736812601802962,1
587736542559797485,1
587730022800359743,1
587732135925317722,1
587733080270831809,1
587739130811580700,1
588010880365953162,1
587742904474140831,1
588017990687588480,1
588010879838191813,1
587739810492973278,1
587741600952156309,1
587734948594253999,1
587739408388391123,1
587732135925055583,1
588017948810936419,1
587739505551671476,1
587742575370502278,1
587742903400202504,1
588017625615761586,1
587739608627740787,1
588017991766245536,1
587737809031135560,1
587732482744975504,1
587742550155592375,1
587729387694522507,1
587732482761031815,1
587736812599181600,1
587732482212561000,1
587736543102894542,1
587742575907635412,1
587742627994337454,1
587741708331319520,1
587725981765599336,1
587725774533886291,1
587736752472850904,1
588017991232848112,1
587742190453457057,1
588018090545643680,1
587741421638451401,1
588017729764982935,1
588017978876100752,1
587729408613089301,1
587722984443871273,1
587736546312257624,1
587726032263577658,1
588017990159499444,1
587730022797541642,1
587733410984296597,1
588016891713159330,1
588018090008379735,1
587739406249361620,1
587741816246304993,1
587739610247856294,1
587736541486580004,1
587732136997355648,1
587738572999622781,1
587725818016563375,1
587733410984558777,1
587738568710291594,1
587739096990744697,1
587738067264536645,1
587735490283700339,1
587729158977945859,1
587736585511567573,1
587736812593414389,1
587741533324574801,1
587731187262357747,1
587726100418986159,1
587738196117487808,1
587725992499806497,1
587731891116572841,1
588017704020279595,1
587730022800884111,1
587741816233197925,1
587742576979542293,1
587738948823351398,1
587739828211679511,1
587732048413196371,1
587735697514561541,1
588015507661520918,1
587736782531067987,1
587734863758033099,1
587728670415323311,1
587736618249027778,1
587732050024595525,1
587742575921463440,1
588017721712115829,1
587738617565479032,1
588011122501812305,1
587736477595402355,1
587731679042404456,1
587731174382568049,1
588017726015930568,1
587736585511567572,1
588013383799013701,1
587731185663934633,1
587736914608259307,1
587731501336494207,1
587732483273392163,1
587736753542856979,1
587742062695415943,1
587725491064668223,1
587742576447455352,1
587745538907832541,1
587733079742283951,1
587736940377931789,1
587741709402374445,1
587726033846272089,1
587725590383821145,1
588017605232427093,1
587739507158745151,1
587728880341483596,1
587735349109588135,1
587742576456302711,1
588018054574899409,1
587739828744814725,1
587733428164231281,1
587741392109764828,1
588848899914137752,1
588848899376677054,1
587738411398987962,1
587736547392356873,1
588017702404030676,1
588017627775041648,1
588848899923837090,1
587726016159023224,1
588017705079472215,1
587742882456731845,1
587736813674430866,1
587742014375985339,1
587729777445044350,1
587742061598474396,1
587732049484185694,1
588018056188264513,1
587739377227464747,1
587741708866355211,1
587739130806861893,1
587741722289111082,1
587736813672595681,1
587742567860732092,1
587729386074800214,1
587729158966345769,1
587739407330902129,1
587745243632173109,1
588017627233189926,1
587728919525392552,1
587741602567422115,1
588017702395904124,1
587736782539391063,1
587726032773447828,1
588007004168716428,1
587726032794353786,1
587726102024618176,1
587742551219568847,1
588018056723628136,1
587739706336084121,1
587728906637738191,1
587732702865850412,1
587738197190050029,1
587733441588101344,1
587739809964294243,1
587742061613547563,1
587741828583588039,1
587742576446603424,1
588298663036649508,1
587729409149436098,1
587741390492532863,1
587742061629276388,1
587731889501962330,1
588007006337368293,1
587733080806653970,1
588013382183289348,1
587742060525715631,1
587742061626917052,1
587722981744640177,1
587732701791125693,1
587745244152988093,1
587732702315807080,1
587731512622580130,1
587730846350770593,1
587739608637178003,1
587726033850007698,1
587742575903703193,1
588010878229479570,1
587725774528577834,1
587733441050902814,1
587742629068734714,1
587739827133677861,1
587742889435922700,1
587733412054040640,1
588017627239415999,1
587742593622540380,1
588011217533403236,1
587725473345437869,1
587735661012779161,1
587739507157762144,1
588010359614931156,1
587742775638818957,1
587739407295119578,1
587739706341589087,1
587742189363593318,1
587741828579524651,1
588017626699858100,1
587738194513559562,1
588018254824997008,1
588017564945809514,1
588017724397191412,1
587742061061996677,1
587742901793390778,1
587741600951959718,1
587729970181112035,1
587731513691078795,1
587731501332824195,1
587730022263620039,1
587739707948400786,1
588017112365924410,1
588023047470907595,1
587731187274678511,1
588016890632339575,1
587736524835586182,1
587742627989880943,1
587731680121192587,1
587742578073075870,1
587741533326999698,1
588017948829221000,1
587735348554760421,1
588017978897596539,1
587725818563461151,1
587742611884998674,1
587733608548728881,1
588015509277573252,1
587742015437471810,1
587735429617418305,1
587736542554816785,1
587739720843526344,1
587741533330342060,1
587738618098614323,1
587741387812831561,1
587732052709015739,1
587729751676617472,1
587739406257356969,1
587742062126760180,1
588007004715155524,1
587741819452260527,1
587739844322787751,1
587733605337989376,1
588017949886775434,1
587733081344245873,1
587732053773844786,1
587736542548852937,1
587728880869310693,1
587742575378825317,1
588015509811757241,1
587735241181102322,1
588015508198981794,1
588017978350567500,1
587736546316517807,1
587735665320460816,1
587739506080546990,1
587734621628793074,1
588016892249899228,1
587726102021865578,1
588009370152992879,1
587738067803701586,1
587732135916011629,1
587731513154469976,1
588011218071191671,1
587742551758340453,1
587739827132891240,1
587739610240843792,1
587738947741483127,1
587741817860128820,1
587730023329759268,1
587741816234049899,1
588007003654455481,1
587741488761733340,1
588016892783886383,1
587742013293789397,1
587732701783457879,1
587739376693149944,1
587736940912246962,1
587742774017261677,1
587733397576220993,1
587726033851711632,1
587733605330911366,1
587737826215919821,1
587724650335568060,1
587736542566940816,1
587741721749749835,1
587735349638201443,1
587736585506062428,1
587742014888411168,1
587725552810197180,1
588013382188990744,1
587739706876756178,1
587738570860855483,1
587734949128044611,1
588015510354329741,1
587739706884358378,1
587731890038571116,1
587725590921019712,1
588017719576821856,1
588010878766219439,1
587729408082837955,1
587733399175692349,1
587738409259368552,1
588023240207040666,1
587726015091966259,1
587732483824484441,1
587732771060056182,1
587739406250934472,1
587731522813034557,1
587732771578380436,1
587738573535117327,1
587741720678694956,1
587734950201131194,1
588017604163338525,1
588297863639138569,1
588010879832227961,1
587739811027943614,1
587742594158035071,1
587724648723054727,1
587731680116473902,1
588848900984733870,1
587741726579359827,1
588017627232796702,1
587732050019811418,1
587739408406609976,1
587731874460795274,1
587742551229726998,1
587736808305655934,1
587731511541563503,1
587729752742691090,1
587739828752417259,1
587728676855021593,1
587728307485081700,1
587733424407445594,1
587739132417474622,1
587739815850213631,1
588010878485397642,1
587733411531522132,1
587739408392519808,1
587739408386359419,1
587741531715403866,1
587741387808964675,1
587738410864541732,1
587742864209805473,1
587738067812942015,1
587739708481208406,1
587736584970567869,1
587739719771816181,1
587736619860361440,1
587732483285123130,1
587741533849714864,1
587729774217789584,1
587731187806109865,1
587739504470851700,1
588018090012246524,1
588017567635603547,1
587738946684977310,1
587725491599114507,1
587726033863639216,1
588298664118583418,1
587729155207987373,1
587739811038429523,1
587732483811836100,1
588017979420377305,1
587741829115740236,1
587731512067621043,1
587729409683685494,1
587725470667309268,1
587742551228154154,1
587745539977445594,1
587736752472129864,1
587732484343005252,1
588017712050143345,1
587736584429633806,1
587735661010681960,1
587742573223542982,1
587742865285054544,1
587739843769532573,1
588017726019600637,1
587739843772678302,1
587741490371297405,1
587741708880904199,1
587742566784106525,1
588017704539062398,1
588017726011605148,1
588013383801700582,1
587729652891517328,1
587728308028178584,1
587736940378063086,1
587728669338435946,1
587741720676728955,1
588013383800455202,1
587736546314551525,1
588017729228767392,1
587733603730456932,1
587744874251485386,1
588017704564424941,1
587731886808957313,1
588017605749899362,1
587742609728012342,1
587742013272948860,1
587736586052698414,1
587725040089694285,1
587741600957595751,1
587739303685259479,1
588017949361700948,1
587729159502823552,1
587732702315413641,1
588015509822767295,1
587725552267493660,1
587732134309134443,1
587745243082523037,1
587741727658344455,1
588011219144868064,1
587739296163758198,1
587742062685585451,1
587729751137649210,1
587739097532072048,1
587741817316638815,1
587739810488254495,1
588007003628306525,1
587736807770751115,1
587735348562755758,1
587746209446690961,1
588007005776904392,1
588018090545840229,1
587735489210417251,1
587739719757922345,1
587738067262439817,1
588017979962228865,1
587742865281646746,1
587731511544381465,1
587741392644735135,1
587738616493113458,1
587739609173262455,1
587734949657641206,1
587733080810258571,1
588017109684125751,1
587733081352175734,1
588016890635878508,1
587739845917016198,1
587728668802089373,1
588009371764326561,1
587741533863805128,1
587731513147850859,1
587742901794373813,1
587732702325047331,1
588007005807903132,1
587739304752119907,1
587722982826573968,1
588017728152141961,1
587739809420738739,1
587729408084476333,1
587732483272343730,1
587737825137787048,1
587742576457023600,1
588017979958100094,1
587739809962131471,1
588011102107664645,1
588023670782689306,1
587732050024333468,1
587742191510814839,1
587742012740862016,1
588017710973911185,1
587742572686016791,1
588015507666239543,1
587736546853585337,1
587742190977286326,1
588017567092375730,1
588015509271806052,1
587726015078268950,1
587736805619073197,1
587731173842288696,1
587731174918455812,1
587741709951238272,1
587725818025869457,1
588017726552473794,1
588018056187084906,1
587726016679247934,1
588017111295459420,1
587739630634008724,1
587736976345727262,1
587725589845573883,1
588017116123758729,1
588297865260564586,1
587745403076083856,1
587741490367234200,1
587725819108655238,1
588848899911254210,1
588017604692410504,1
587739096988582067,1
587728948513275983,1
587728931338977454,1
587741600960086092,1
587736975809773664,1
588016841242051144,1
587739843773923551,1
588848898824274111,1
587725469590028611,1
587739608640061508,1
587729232516874524,1
587738947205660818,1
588297863655194760,1
587741600414433403,1
587741602035728492,1
587729386598367491,1
587731512605605983,1
588298664111571052,1
588297864713797635,1
587742627985162310,1
587741533865377934,1
587741600961986707,1
587733605331960012,1
588007004188114991,1
587732471457186108,1
587742577532797205,1
587741726049239213,1
587731885737902300,1
587726031728214028,1
587741533326147689,1
587738574608531615,1
588017725476372668,1
587730846887314133,1
587741490910593095,1
587735343722397882,1
587725816961237192,1
588018091086643347,1
588007005800104112,1
588011097799000155,1
587741721210126414,1
588017605232164885,1
588017704543715391,1
587739845927501827,1
588017726548213811,1
587739380449280121,1
588017977290719383,1
587732701787259044,1
587736585505931599,1
588017704005664907,1
587742616173019511,1
587739097530892444,1
587745402530497126,1
587739304758083615,1
588017567637897300,1
587741709946650740,1
587738568171716612,1
587738615414718507,1
588016891710275690,1
588015509808939099,1
587729388215075003,1
588017566023221411,1
587729387134976281,1
588848899397648587,1
588017566563238000,1
587735666395316575,1
587726015080628367,1
587732136995061914,1
588023669708947663,1
587733399716298795,1
588848899924820106,1
587741600423084186,1
587736477058072783,1
587741722820214955,1
587732702873059430,1
587738569785147594,1
587739504471441490,1
587742611341770957,1
587734893824508060,1
587732702329372681,1
588017566556225638,1
587739376697344220,1
587729777441243331,1
587738197191295183,1
587742551755849994,1
587738066195972138,1
587741828048355518,1
587729409682374849,1
588017978895958132,1
587738067271942293,1
588023668100169859,1
587732483283091500,1
587741489816666236,1
587741828579328162,1
587736975809249527,1
587739721910845563,1
588297865265676387,1
587726014535893214,1
587741601490075808,1
587739719765852308,1
588011216992075861,1
588017726011998282,1
587742629596102781,1
588007004157837529,1
587739407837233390,1
588017704547516545,1
587742577525457019,1
587741600953532524,1
588017704010776758,1
588010878221287620,1
587742014370349092,1
587742775091527847,1
588017728688029837,1
587733195160682534,1
587741726042882288,1
587739843772678309,1
587738196113883429,1
588297864726118405,1
587742774014902428,1
587736899040444605,1
587736619320148011,1
587735349634793535,1
587730022258769983,1
588010360147017882,1
587734623787548805,1
587729156283695225,1
587738947213983990,1
587739720304492561,1
587729158442909762,1
587726031712878820,1
587731890043224236,1
588010359617749093,1
587742609729519856,1
587738947205660804,1
587728879804874799,1
588017978348404776,1
587738564942823902,1
588018056203206872,1
587729777988141205,1
587731869632495783,1
587741815713234950,1
588298662500827330,1
587725576962048271,1
587742551750475888,1
587742628526620854,1
587742552282824795,1
587741568735510702,1
587731680649543918,1
588298662503710893,1
587742571609325590,1
587739406796390601,1
587745243090976829,1
588013382740148391,1
588017567096373351,1
587742014885331045,1
587741721212485752,1
588017605239242914,1
587739096444305579,1
587739608097357939,1
587731887351857248,1
587738569782329465,1
587722984427028609,1
587732702320132125,1
587739115779064030,1
587739381527085149,1
587728309634531483,1
587735662625816604,1
588017978344800315,1
587732589567869005,1
588018057258074249,1
587745540505862529,1
587733605340545350,1
587739811557277826,1
587742015422464105,1
588007004725510413,1
587741708862030071,1
588017978360529066,1
587732769987297389,1
587739646210146378,1
587732582594183291,1
587739407331557611,1
587728879266168942,1
587730023333429266,1
587733196234817578,1
588010359076290826,1
587726015609765958,1
587731892185333857,1
587732583662551178,1
587742008968806432,1
588017992306327833,1
588018055127826669,1
588013383258866181,1
588010878229872817,1
587738410863165600,1
587742552282824855,1
587738946682028200,1
587735742620500391,1
588017627761803271,1
587729388222742674,1
587741828579524804,1
587741420562481396,1
587739406805041505,1
587738410330554404,1
587734862143815786,1
587731514221723870,1
587735665322426682,1
587739505549836406,1
588017991757791426,1
587732703407112399,1
588017115052638345,1
588017109679472651,1
587742590407475736,1
587742865823957157,1
587739405714915421,1
588015508212613261,1
587737826215330010,1
588017570316288232,1
587736921046581628,1
588007005264609536,1
587739506084151441,1
587739610239664208,1
587745540509204883,1
587738066732843278,1
588013384339095834,1
587739811561210012,1
587736619867767004,1
587739156583612512,1
587739377231069533,1
587739651034578966,1
587742059999920307,1
587728930803089612,1
588017720113561732,1
588013384352268448,1
587725576423342367,1
587728308026278094,1
587733428699988060,1
587729228225446061,1
587742062126825855,1
587739166774722848,1
587729233052172362,1
587736942532428175,1
587733608549449819,1
587739719212990613,1
587728308565639405,1
587742013810540638,1
587745243615265172,1
588017979956920442,1
587739375626551424,1
587736620397756601,1
587733603182379246,1
587738946131722387,1
588017719570137205,1
588016890638303234,1
587729777448452266,1
587730022259884295,1
587724649800400936,1
588023240208089264,1
587738570320969894,1
587742062121124234,1
588010359615389829,1
587735239568457865,1
587724650335305890,1
587732702336712793,1
587736963458793581,1
587739810489893074,1
587738196652982642,1
587742191524774052,1
587738946678030486,1
587742012743942255,1
587739130806206621,1
588016878291845369,1
587742774552690763,1
587736545775976613,1
587736585516548257,1
587725074994626800,1
587736545238581539,1
587732577227964570,1
588015509818310801,1
588017991239532788,1
588017627772289144,1
587741817315983568,1
587739828744093767,1
587741710492565631,1
587732135378944102,1
587739166239097020,1
587739829277425825,1
587741532769746994,1
587732050559172685,1
588017725480239198,1
588017730835906719,1
587739828197785667,1
587732134311821384,1
587729386081943702,1
587732578303148176,1
587729233052696740,1
587742773478686860,1
587731885736329529,1
587739377771741381,1
588013383277281402,1
588017979984314532,1
587739720841363536,1
587726033342169301,1
587731512070766736,1
587736619324997800,1
587739828211220808,1
587734947518939249,1
588295840712884308,1
587733080808882334,1
587736941989200199,1
588018091076878512,1
587739811036791155,1
587741722823819582,1
588015509273706617,1
587735744223969511,1
587728930272837715,1
588009368551817353,1
587731886273331437,1
587735236343955763,1
587726032800579693,1
587729774218182846,1
587739608085037187,1
587733410443100269,1
587739114166354030,1
588297865792323710,1
587739406798487790,1
587742576457416885,1
587742060554551456,1
587726014553391284,1
587738947740368907,1
587742646237200604,1
587739845918326939,1
587739096990482544,1
587739720298201260,1
587741721752109199,1
587725816427905057,1
587739157652963393,1
587728668269871147,1
587739720837693456,1
587741829654773865,1
587742010043203836,1
587742576981704848,1
587739385816416490,1
587739132953231521,1
587726032241098836,1
587731185113497991,1
588848901513478322,1
587730848500744520,1
587729227146199192,1
587742865283809420,1
587729970178162794,1
587731512620351626,1
587738615950868486,1
587729159504527460,1
587739809957806227,1
588017702935461954,1
587738195043090493,1
587739382062776504,1
587742010043269482,1
587741533318414390,1
587739407314387107,1
587741531718811749,1
588017719571120214,1
588010134657630376,1
587732771058679897,1
588010136267718807,1
587741722823360656,1
587738615950999703,1
587735665851957415,1
587742644626063420,1
587738065658445990,1
587729158980895032,1
587736542020501747,1
587732483836543040,1
588018056732213408,1
587742062120862190,1
587741816248467606,1
587731891111854200,1
587732578837921943,1
587736619324342537,1
587730848497730186,1
587739132956442743,1
587726014548017312,1
587742190449131674,1
587736619858395404,1
587731873925038483,1
587739631167930517,1
587732581520179323,1
587733423870836875,1
587741387275305306,1
588848899921215581,1
587728931877880027,1
587739303141834851,1
588023047481131217,1
588017702947324170,1
587732134847840284,1
587738411399053394,1
587739096988581986,1
587728308567146670,1
588017702400622767,1
587739706342113440,1
587737809569710346,1
588018253759250684,1
587741532771582202,1
587725818038124843,1
587728931874341195,1
587742578072682777,1
587732054848700515,1
587738409258254466,1
587745244161441982,1
587739305297445001,1
587742610268553385,1
587742062128464097,1
588848898837053522,1
587742014341906578,1
588017605764775944,1
587731680118177994,1
588848899391291408,1
587742566787121296,1
587736753011753392,1
587739815318454425,1
587732157389603284,1
587732770511126557,1
588010360153702652,1
587739131888795933,1
587734893014876232,1
588010358541648071,1
587741816242962501,1
587742190446444581,1
587731513694224579,1
587730023866695791,1
587733603730194441,1
587735665318297782,1
587733411520381032,1
587742903403544790,1
587731512073715869,1
587736542560780728,1
587736525371932926,1
587738570315333779,1
587734305416675571,1
587741816234246477,1
587736584434155699,1
588017703495532726,1
587742863671885999,1
587735665315152014,1
587739845391876411,1
587729777979883758,1
587733604797120589,1
587736477588914349,1
588018090004381856,1
587733197308952620,1
587739303149961304,1
587722982286098618,1
587725041710071990,1
588009372297003067,1
587739408382623760,1
587725980691267710,1
587732482737832062,1
587734862680752338,1
587738572458688602,1
588017992833892479,1
587736585505538338,1
587725818560643147,1
587739097520996446,1
587736542024106211,1
587738197196013699,1
588017949883433094,1
588017704003698859,1
587731187281494216,1
587737809568399601,1
587731520665419932,1
588017567636848780,1
587741602563555478,1
587735695370748052,1
587732483283943528,1
588017978377372024,1
587725475491938439,1
587739131886895133,1
587725551743074423,1
587733603180740753,1
588017606301253750,1
587731886274838670,1
587729158975127655,1
588848900429185374,1
587731187807879326,1
588017627229716658,1
587735696451960908,1
587728679002505414,1
587739408403988654,1
587736813132841186,1
587742013278453913,1
587742060531482683,1
587739097518047289,1
587745403068547481,1
587726032258465873,1
587741533312450726,1
587729752212045970,1
587741727116427303,1
587732483826647114,1
587742573218562230,1
588013383814152344,1
587738947197600098,1
588017109680455808,1
587733442125365738,1
587731887348580616,1
587735430695157910,1
587745243082981633,1
587736584974565582,1
587741602023669865,1
587731512621662329,1
587729232518840824,1
587742903942709270,1
588297864722120859,1
587729158430588988,1
587739608100110474,1
587742615101964647,1
587733608279244987,1
588007005767598406,1
587726016156991665,1
587725775068070062,1
588018253752565918,1
587739720846606364,1
588017990161072183,1
588297864712094013,1
587736584434483415,1
587731512609865904,1
587729408614531242,1
587729782273147291,1
587728917911568491,1
587725503948718112,1
588013382726517062,1
587741722289045619,1
587739827125747724,1
588298661968216204,1
587732482216231046,1
587741708341280942,1
587739708486189223,1
587739607559372844,1
587725551730295009,1
587739706884030477,1
587733079204102329,1
588010879303548970,1
587729227686543485,1
587735695374876879,1
587728917908357281,1
587741389966278808,1
587735240639053968,1
587735343725543540,1
587736584432976037,1
587738950414696499,1
587742061607780481,1
587732482222325767,1
588013382207275085,1
588297863642808482,1
587724649255403683,1
587742576453746939,1
587735344260972737,1
587738409253994578,1
588013383260045351,1
588009370153254984,1
587739811559505999,1
588017116128084204,1
587742061067042934,1
587733412061380719,1
587735347498188913,1
587739827125026903,1
587731890576097356,1
587739115781947490,1
587726033867178154,1
587735661010550912,1
587732701250060480,1
587742578064228469,1
588015508216938703,1
587736941991952702,1
588018253225591107,1
587728879264858312,1
588295842325528672,1
588848899395682392,1
587741533329358987,1
587728881416470703,1
587736542562156676,1
587742014342103103,1
587737808499114127,1
588848898851799187,1
587739721913860276,1
587739458834661420,1
587732482745958540,1
587736916759740889,1
587734893290717297,1
587734303805210835,1
587730023867744393,1
587742551217144039,1
587736543091753243,1
587742014368907294,1
587746208910213323,1
587736808307359925,1
587730022253002956,1
587739407328084077,1
587739608629444673,1
587739303148781707,1
588007004728721587,1
587741533863805105,1
587745970539397209,1
587732153104531560,1
588017949886906508,1
587729653429174780,1
587728308567474310,1
588017627776155775,1
587736523760926934,1
587728930264121589,1
587736583891320944,1
587742014371659903,1
587739115237343496,1
588017110756294739,1
587728879260729553,1
587739719759036527,1
587736585508946093,1
587725775603826784,1
587726016142835905,1
588016891706802364,1
587739132423504027,1
588017724948349093,1
587732054858531034,1
587739707416248483,1
588017977275121756,1
588007005237412113,1
587739505012310247,1
587739720303050780,1
587728905026535460,1
587731500794314923,1
588848898846556303,1
587726032243130484,1
587735489209303250,1
587742014372839682,1
587736541482188941,1
587736783072133240,1
587739707414216779,1
588017625630769196,1
587732582054297758,1
588017726546509989,1
587739844844519522,1
587735695906963537,1
587729158427246630,1
587739811027091624,1
587739828738195538,1
587736545238581483,1
587722982828933252,1
588848900989911246,1
587741490361073868,1
587738568163852451,1
587738615413997695,1
588009372838789250,1
587742628527276328,1
588017729226735803,1
587725981224992901,1
587735665305911421,1
587739097525256307,1
587730022258901350,1
587742775639408656,1
587739303686111391,1
588017567634161786,1
587742773485699142,1
588848900978769958,1
587739505004773485,1
587739407864168579,1
587736915138248916,1
587730022795247950,1
587735744227704946,1
587735490818539672,1
587741533306814625,1
588297863652966430,1
587732580981014580,1
588017703481180370,1
588017979411398847,1
587742014910365788,1
587729752748654958,1
587729227688443915,1
588017626706608298,1
587732770506080437,1
587739115237277762,1
587729231445885330,1
588015508734214258,1
587732483274440905,1
588848899907059950,1
588007005792633018,1
587735661546504464,1
587733441056145421,1
588017724943892737,1
588007003649933503,1
587728879793078680,1
587741709403488537,1
587731186203099257,1
587741533853581469,1
587732484893114467,1
588023046404309134,1
587736477594878254,1
588017979420967091,1
587739408400973938,1
587731499723980930,1
587736920509055197,1
587725551217148067,1
587731185655808228,1
587728879793668141,1
588018089470263587,1
587742572146720913,1
587732577757102602,1
587729158436028561,1
587729228763889885,1
587742062158676081,1
588848900435935537,1
587738067267092695,1
588015509274099894,1
587741708334399644,1
587741533312778371,1
588023669703639135,1
587737809035198672,1
587735697519870048,1
587731869094510729,1
587739504467771483,1
588010136802754750,1
588017977807077380,1
588017603627909293,1
587739709019127980,1
587739131348320423,1
588295842861482114,1
587726033304944826,1
587738195039879438,1
587729387682857102,1
587736542563795224,1
587734690348138657,1
588017605762482225,1
587736942527643965,1
588848899392995361,1
587731873385152874,1
587739720311767073,1
587739646208508016,1
587741828041801868,1
588016839637991639,1
587742062149763150,1
587739381529837786,1
587733081346670723,1
588017627230830672,1
588295842322776159,1
588013382183616946,1
587741815173283994,1
588017110224994435,1
587739809955840119,1
588023045872156850,1
587733604260905230,1
587742013813031076,1
587733604263985333,1
587729158441992348,1
587732053773779426,1
587735697522491525,1
588017110754787494,1
588848899913744650,1
587739380990935232,1
587739608098275421,1
588007006317707426,1
588010360158552264,1
587742775101816917,1
587742013837672624,1
587729159503020104,1
587735348031848568,1
587742953861021802,1
587730021719146690,1
587739828208205964,1
587742573756678261,1
587742549606334606,1
587732484368498789,1
587729388231327918,1
588017110751051846,1
587737825142440094,1
588018254828273916,1
587735349105459413,1
587742863671885956,1
587725552810852480,1
587729751134961991,1
587736525905199342,1
588007005272605013,1
587739406797504551,1
587728930801647873,1
587742775626498167,1
588295842321727606,1
587745403611709692,1
587739809947713744,1
588298662503842099,1
587741533315661996,1
588017948815261728,1
588023669168341153,1
587727944031731996,1
588017712585506947,1
588015507662766089,1
587741815712710816,1
587739809951776976,1
587734303801737380,1
588010878763925626,1
588017991238025562,1
587739844856840449,1
587728668269281486,1
587736899036250358,1
587741489822236862,1
588297864190296100,1
587732049485758563,1
587733412062429375,1
587726033873797333,1
587741421638451352,1
587728930798043436,1
587739407337390319,1
587736941995557227,1
588017721712508987,1
587741386735092358,1
587722983354204280,1
588017724948283406,1
587739720826552530,1
587736618789044325,1
587742549604696194,1
587742013820764304,1
588298664649228457,1
587725503947800911,1
587742013272752297,1
587729407538364609,1
587736478673010925,1
587732483815768299,1
588010358011920536,1
587732702868275371,1
587738409250717704,1
587729408077267185,1
587728308030275745,1
587733432997314689,1
588010359086776552,1
587745403075494081,1
587729779052249219,1
588023670244507835,1
587738947210510495,1
587739406225440938,1
587741489296900126,1
588013381660901561,1
587725980688646345,1
587732702327210110,1
587739721373778031,1
587731513141952617,1
587734862679900354,1
587722983370260751,1
587725575888044179,1
587742616175116513,1
587738066739855527,1
587736586043261275,1
587732701776445909,1
588013382206816309,1
588017721716179007,1
587742576455778417,1
587741420558418177,1
588010358002548937,1
587739829271330915,1
587732772127506520,1
587739811561930816,1
588017719569285237,1
588017703468466240,1
587739458300543201,1
588017978335822010,1
587745403066647129,1
588015510354919575,1
587741821066543271,1
587732771048128547,1
587728880877174934,1
587732483832742095,1
588015508206452819,1
587729158967918748,1
587735241713451178,1
587732484364042370,1
587737827289530603,1
588015508213989555,1
588297863109345414,1
587732483818455060,1
587735743688540490,1
588010359079698593,1
587739608098078956,1
587736545777811674,1
588015508753940612,1
587739096445812840,1
587738195574784405,1
587738947199434900,1
587732582593265863,1
587738409794142311,1
587726031729655974,1
588023668629897293,1
587738067801669942,1
587731874461122908,1
588013382199017665,1
587738948828266549,1
587736809911943245,1
587736940370198720,1
587736976352018714,1
588017570315108442,1
588011102640537746,1
587736975808135427,1
587735348567408793,1
587742061616169018,1
587739131892269070,1
587735349093925045,1
587734948588355657,1
587726032801759343,1
588297865252634780,1
587739846453231738,1
588017626165346367,1
587742863134818407,1
587739116319342754,1
588017990148489371,1
587742060554944683,1
588016841245851799,1
587742188844023874,1
588018090543611996,1
588016879904948349,1
587735043613458667,1
587741566051680357,1
587732483826778258,1
587728949584396431,1
587731186744557643,1
587725550680998106,1
587738572996411531,1
588015509282422804,1
587738569239953556,1
587726031731228873,1
587742590404657525,1
587742571614371953,1
587742014372315285,1
588017719571513448,1
587745243622473879,1
588018253751517357,1
587731512082956422,1
588016879360278560,1
587726100953628962,1
587736479202410631,1
587732772118659291,1
587739720310063294,1
588848900429185446,1
587742773495005310,1
587742567857127490,1
587739844845502623,1
588007004705128571,1
587739811557605516,1
587742189900267542,1
587729226615357578,1
587725552285515890,1
587732049486217264,1
587741533306421299,1
588017949345513544,1
587726101492596863,1
587739381530362027,1
587738411409342506,1
587731868553052188,1
587731870701519064,1
588011219682984264,1
587741709956939855,1
587736976881418386,1
588017604701389022,1
587736586044637382,1
588017992299839704,1
588017606302105648,1
587739809946337420,1
588016891176222849,1
587731513155322003,1
588017728153124968,1
587742646239429132,1
587732702852219413,1
587742576991797507,1
588017979968127072,1
587729971250266344,1
588015507671220415,1
587739828749730015,1
587742568936439853,1
587726100409745603,1
587742014897127438,1
587725470127685903,1
587735349635907723,1
588848898831155334,1
587732482746548338,1
587742588792602943,1
587741532233007136,1
587732482221867138,1
587738197188935985,1
587729388218745017,1
587738410861199481,1
587732154183057529,1
587739303147077758,1
587742863138422910,1
587726032259645699,1
587732701252681805,1
587735667456082062,1
587732702330945665,1
587739646747803760,1
587741707800281220,1
587730022253461524,1
587731499189207144,1
587742550691676719,1
587724650871455843,1
588017721713623164,1
587725575886602443,1
587729752745902406,1
587729408611778617,1
587736542020501744,1
587738372746838221,1
587735240105590999,1
587738574069760138,1
587742190449459291,1
587733398109421733,1
587725816424235059,1
587742577522966609,1
587742576461938898,1
587728308030275662,1
587738067270369549,1
588017110224666703,1
588013383276036232,1
587741816250892439,1
587730021725176008,1
587741490375950505,1
588018089468231733,1
588009372839706725,1
587738411946410091,1
587731513158926459,1
587734623240716478,1
587741710488568036,1
588010879846056059,1
588017729225097316,1
587732482730950911,1
587729388220907643,1
587741533300457577,1
588013383257620559,1
588017711515631679,1
587735346960990393,1
587739376158310681,1
587741532231434542,1
587741532787179639,1
587736542030725497,1
587742902868574319,1
587742863669788828,1
587732701790339274,1
587732772660052102,1
587736542551015449,1
588017604689461340,1
588017625617596494,1
588023669709799569,1
587742190447689934,1
588297863638679761,1
587727943489945860,1
587728308028768437,1
587735697523802309,1
587742061590675657,1
588848900472766841,1
588017115054735507,1
587742774020079725,1
587732484361093237,1
587739810486878341,1
587739844847665233,1
587745541051449443,1
588013382730383540,1
588015509275672658,1
587725774528381237,1
588023669711896781,1
588018054574047433,1
587739114696868299,1
587731912573124869,1
587742013820764182,1
587739407864299698,1
587736942525874520,1
587739609173655685,1
587726033317658709,1
587729776910532971,1
587745970003640541,1
587728906639442286,1
587739827129286792,1
587742774026567720,1
588015509821980846,1
587741725514006582,1
588009368550244454,1
587728932414423191,1
587739505005035679,1
587725589309161584,1
587735662619328680,1
587735043073638440,1
587739381520728271,1
587737809037951225,1
588848900458086456,1
588017704024604822,1
587742578068422793,1
587733429233647795,1
588017605212962959,1
587732482746548485,1
587738615949557877,1
588017704557019468,1
587742609730175155,1
587735343179432449,1
587729158980894961,1
587739845386174581,1
587732483271164015,1
588011123577061553,1
587724650867130440,1
588017947750957183,1
588013382727958771,1
587725818568179754,1
587742575919825060,1
587732583665827918,1
588010134655926415,1
587729387685871691,1
587741602021965986,1
587730021721833611,1
587741390503084219,1
587745243619590174,1
587736813669056817,1
587741601495646263,1
588018254301954426,1
587733603732291867,1
587732483283288163,1
588018056183677084,1
588023669705080900,1
587726031706062986,1
587742014910562471,1
587739810502476231,1
587735744224624697,1
587739721912877218,1
587725993574858982,1
587738196660453560,1
587745403613544616,1
588018253758791882,1
587741532774858770,1
587725775070757113,1
587734948052336668,1
587731186742919377,1
587741600411549721,1
587739295087329448,1
587732702325964957,1
587739376156999925,1
587735429080416298,1
587733604258349303,1
587742629063098565,1
588017990693290191,1
587731870163075209,1
587731174380929599,1
587738952569258205,1
587731891649970248,1
587729408085721579,1
587742903402037301,1
587724649259532348,1
587725490527863003,1
587739651032613110,1
588013382719832325,1
587733604259856536,1
588848899385720881,1
588017704013725862,1
587726102564569320,1
588017626165280961,1
587734949130666188,1
587741830192562288,1
587737826744795647,1
587739381528657984,1
587737810640961840,1
587741533321756727,1
587732048949739637,1
588017603612704819,1
588007005803446541,1
587742014352851022,1
587738569774989450,1
587735347484295365,1
587739827669565549,1
587737825137000794,1
587742062151270501,1
587739131348910275,1
587725552264675555,1
587739651574792550,1
587733398649569584,1
587736919434396072,1
587741817318211630,1
587738953105473604,1
587725981761601679,1
588017115587018850,1
588017627233124524,1
587732471458496686,1
588295840712032367,1
587742610273796376,1
587725551196504228,1
588017627235025042,1
587742062152843384,1
587739382064414990,1
587731873922613610,1
587726016682983588,1
587733410986918113,1
588017704026046837,1
587733410451750971,1
588017111293034636,1
587742014889132169,1
587732702869127292,1
587725576423407878,1
587742577513267300,1
587733399170646099,1
587733605344739662,1
587741821064577098,1
587739304215445618,1
588017604152590384,1
588015508204552244,1
587732580979966143,1
588013382746505463,1
587741533842178075,1
588017112368939148,1
587742616172757184,1
587741816231887123,1
587725993037004997,1
587742014882578623,1
587741533304193140,1
587739304757559475,1
588010136266342576,1
587736477587865818,1
587741532769288563,1
587739720831271090,1
588017604149837935,1
588297863650476130,1
587726032804053238,1
588848899933405420,1
587745245237149816,1
588013381662408797,1
587742014344462497,1
587739379916734655,1
587738371668705405,1
587742772951253134,1
587739810490220793,1
587741490376802437,1
587731501335970027,1
587741707807948908,1
588018091616370797,1
587736585505210590,1
587722982832668754,1
588017704002977900,1
588016879367880902,1
587742014895423511,1
587739098065338463,1
588017604675043479,1
587742012763668707,1
587733603732422683,1
588017949357047819,1
587733441583251746,1
587729388217565347,1
587729159512981654,1
588013384351678583,1
587742013817094286,1
587742062142488583,1
587731868561178759,1
587725505022263551,1
588017704567701864,1
587729971254067390,1
587732134305071212,1
587726033865932955,1
588017110220406952,1
587736916219461991,1
587722983371374878,1
587725469053747218,1
588023046409879587,1
588017947734638784,1
587725039561474253,1
587741391039168516,1
587739406227275894,1
588010359066788159,1
587739505014407280,1
587736964530962580,1
587738947753148524,1
588017724403155125,1
587738195049316559,1
587736478671437901,1
587739844851335377,1
587724648721809548,1
588017979432960106,1
588007003619983591,1
587732484900847687,1
587728879265841315,1
587736940909035683,1
587739708480946181,1
587735742619058230,1
587742190974337178,1
587736585509011641,1
587739304749826128,1
587739721384329503,1
587731891114672202,1
587742610805948569,1
587725994112647485,1
587736620400574541,1
587739829280702608,1
587729781200716172,1
587742012738568332,1
588017605234721004,1
587726033310777511,1
587741601502658587,1
588017704001339538,1
587739827662356621,1
587741603094986868,1
588295842860499048,1
587729651810631860,1
587742575903244456,1
587739707419001135,1
587729385534980105,1
587735697524719680,1
587742774019883062,1
587728930265235666,1
588017702410846353,1
588017626147782828,1
587724649257500808,1
588015509830762647,1
587733428696711294,1
587738947744432236,1
588848899399352636,1
587745540514119897,1
587734622164222279,1
587731870171005028,1
587742190986657962,1
587722982822969548,1
588848900438491268,1
587742775095722116,1
588298663578763306,1
587736524294848699,1
587731870704402584,1
587735666391187771,1
588018055130775988,1
587739295626625174,1
587732701800693827,1
587739651566797033,1
587735349107884049,1
587745402005618799,1
587739828213055745,1
587739706868695192,1
588017730835382352,1
587739382069723246,1
587727867256832398,1
588013383793967392,1
587739844851007730,1
587737810102452585,1
588023668100694119,1
587729751673668194,1
587732053235794483,1
587738618095992896,1
587742062138687687,1
587738948283727941,1
587729408615055458,1
587739719764476052,1
587742061596180635,1
587733441586659333,1
587738195581206553,1
587734304879149215,1
588023669176402056,1
587737826213757167,1
588010360159207589,1
587742062167589135,1
587732483816226959,1
587738568170733658,1
587742774551838849,1
587724650326917241,1
587725475493445809,1
587742013811261470,1
588010360698110074,1
587741490905940071,1
587739646737580208,1
587739844856184892,1
587734623785451579,1
587739707413954725,1
588018056733720642,1
587741600950583450,1
587741531718221951,1
587742189364052111,1
587731870170415218,1
588017724936618165,1
587738066195906800,1
587739811034824930,1
587738947757015142,1
587733080807047310,1
587739505008115802,1
587731185121362115,1
587742013814997193,1
587739114697195857,1
587739295089361002,1
587741817855541337,1
587728931332555118,1
588011124649492505,1
587731186741346415,1
587744638561747501,1
587739166237458463,1
587739844310728777,1
588013382725337293,1
587734893828636690,1
587741601498464356,1
588017991229046981,1
587729227690475675,1
587742013830725661,1
588018089466986700,1
587734948056596502,1
587729158432424060,1
588017603604054122,1
587732702870831235,1
587742060550226173,1
587739844320559351,1
588011122503057430,1
587728931876503806,1
587742567325106276,1
588010360150687968,1
587736976882663649,1
587729387149197392,1
587735348559544516,1
587729653964079238,1
588018091083628585,1
587737809035002015,1
587735490286256417,1
587739131890696231,1
587741709941276840,1
587732702858117306,1
587734691959996651,1
587735665855431005,1
587729158968770668,1
588017571924475992,1
587739720295645290,1
587736941451018287,1
587725551217737877,1
588297863642677292,1
588017625085051016,1
587736916758233300,1
587729773143851173,1
587729776905093282,1
587730021717311717,1
587738950957072565,1
588011219142901932,1
587741709941080111,1
587742773490155647,1
587741726044520615,1
588298662501482631,1
587738950955565248,1
587742576453353628,1
588017626682032323,1
587731512068472965,1
588013383276953722,1
587735662087831685,1
587739408407789742,1
588015508210122968,1
588010359602937968,1
587742010043531672,1
588017726004396045,1
587739406242218114,1
588007005241212951,1
588009371763277967,1
588017603620044953,1
587742626911617136,1
587742013267181745,1
587732591177564284,1
588848898840526991,1
587738195042435091,1
587732771576610987,1
587742576994746542,1
587729157897453710,1
588010879841730734,1
587739406266335507,1
587739408391995448,1
588017979447247042,1
587742013280419854,1
587736781457064082,1
587726033861935246,1
587733605341331485,1
587741726582505542,1
587742015437668486,1
587741815711989787,1
587732701787586708,1
587725074992070685,1
587733441055490554,1
587728676859281503,1
587741709404406017,1
587739815313211514,1
587739707946238128,1
587725503411978631,1
587736915144212733,1
587729782810280193,1
588017979436761107,1
587742061094306152,1
587731187276120206,1
588017704015298723,1
587739843769860272,1
587736525908279484,1
588298661970378870,1
587734949118804279,1
587736543097716952,1
587739115245469797,1
587735743155863862,1
588017719573676176,1
587741603097542692,1
587742577532797204,1
587735695911092231,1
587732702862704747,1
587739376156082181,1
587739153892638773,1
587735042536308975,1
587736542552129607,1
587742014372970540,1
588023670243065938,1
587729158439764104,1
587729653429305612,1
587733398113812840,1
587727865649365133,1
588023239669842054,1
587731511532912769,1
587742061604503803,1
588010358536667184,1
587741709410304130,1
588013384350826583,1
588018091086250112,1
587733603192930496,1
587739407861809315,1
587729970175017256,1
588018056190165113,1
587728906100670782,1
587741532774400130,1
587739720835924073,1
587736524831719584,1
587729652349862168,1
587742612411842739,1
588023721249013875,1
587736940909756621,1
588018055659716824,1
587729781739880565,1
587733608553382008,1
588007006331142304,1
587736583888109699,1
588017948813885574,1
587736479203197134,1
587735662090059847,1
587739302601883722,1
588017977814417485,1
587742550147465286,1
588013382199083124,1
587739707957772430,1
587742567326482478,1
587734950198378647,1
587733399711449231,1
588017978888159309,1
587741602030551126,1
588017730836299898,1
588017111294804073,1
587731185668849945,1
587742627456614576,1
587742062162083914,1
587725550138032206,1
587741830192955490,1
587734621635084526,1
588007004161704122,1
587736804544741515,1
587729781199208746,1
587742577519820864,1
587732484361093201,1
587731173308105048,1
588010880377749680,1
587733605332156556,1
587739811032006825,1
588297863645167758,1
587732703394922705,1
587729233054138780,1
588848900992270388,1
587741709420724384,1
587741722289504438,1
587741489816732061,1
587744874250568016,1
587742865823891656,1
587722982282231949,1
588848898852847824,1
588007004701786310,1
588017723860189299,1
587736584433893612,1
588017977814810774,1
587736915688817024,1
587732157928112274,1
587725551200895094,1
587725774530019624,1
587734622705877256,1
588023669707702448,1
587726033322311830,1
587742578059313343,1
587742060525256715,1
587739507160449083,1
587739647815254138,1
587733605341462890,1
587722983354925288,1
587736546849325410,1
588018253764034798,1
587742062697644185,1
587729778518982905,1
588017702395248729,1
588017990151176380,1
587739097529909346,1
587734948055416953,1
587741600951566536,1
587736976887578827,1
587734893820444806,1
588017703469449286,1
587728308027850959,1
588017606285394089,1
588016890635354246,1
587728307492487265,1
587732772114530444,1
587727866983613089,1
588017978879443114,1
587742189905313815,1
588018254827880614,1
587739506624757948,1
587729159512064063,1
587738566019187027,1
587736782533099629,1
588298663586103425,1
587745538909864020,1
587728930796994929,1
587732156317761818,1
587742551221862666,1
587729227689230543,1
587736807764590737,1
587742013270786073,1
587733604793450759,1
587739609168609368,1
588017978345259060,1
588010136806883594,1
588017110757212351,1
587742609731616796,1
587724648183234759,1
587741489839341600,1
588010136266342551,1
587734622700503512,1
587729652884308238,1
588010359621026002,1
588018090545250388,1
587744874785472770,1
587739132951724217,1
587739809412743329,1
587729386620584030,1
587735343191294171,1
588011218062082088,1
587739407310848087,1
587741828046913639,1
587736543091556572,1
587732591719612547,1
587742863139602501,1
588015509294350376,1
587738574072381737,1
588017703997603927,1
587738947747184828,1
587728880883007670,1
587738572457771144,1
587736543622529130,1
587731520670138486,1
587739607561666674,1
588017571926769764,1
587739844323639926,1
588017704554397844,1
587739376696361202,1
587731172231807545,1
587732483827171379,1
588011097262522516,1
587733398650880288,1
587722984439414978,1
587742060552781839,1
587730021721571338,1
587734305953022122,1
587742014356259071,1
588017719572824127,1
588007005231186265,1
587735696983064717,1
587742013810278503,1
588295841249034333,1
587732702868865037,1
587739457221099611,1
587736941448397016,1
587722982832669003,1
587732772121739456,1
587741489833246808,1
588017711515173082,1
587732049477238932,1
587739844308566201,1
587742578053677201,1
587728930797781264,1
587736586050535696,1
587736546851618848,1
587731514220347522,1
587738409789489321,1
587741828581752841,1
587729385543893111,1
587739607565336699,1
587733609094709542,1
587731873384563031,1
587745403071037666,1
587742610270519635,1
587725075527827780,1
587738615407771760,1
587739114167927092,1
588023240207499411,1
587732702335205526,1
587738574068187340,1
587732484902879350,1
587742567860142250,1
587734891683119143,1
588023721247965364,1
587742645701181644,1
587738947197468913,1
587738409259040831,1
587738568164966530,1
587745243626012797,1
588011216988209229,1
587739506616631490,1
588017990705217896,1
587725552290955439,1
588015508750794869,1
588017705076392015,1
587729773683933373,1
587738564943478947,1
587741726043996225,1
588017977842598243,1
587739096983928923,1
587735236345397464,1
587739132962275638,1
587735348562624651,1
587742901789065394,1
587739098594738306,1
587736809917710486,1
587735344259006611,1
588011217525997677,1
588017567097880705,1
587742773493170394,1
587725471211651227,1
587739809954463997,1
587724650329079911,1
588007004728262887,1
587738570317037616,1
588017720107925665,1
587725474956771483,1
588018055109738727,1
587742571611947053,1
588016878285291686,1
587728905565962506,1
587739709017751622,1
587739809955708951,1
587738568703672459,1
587742014896472158,1
587735343725478094,1
587736919439048963,1
587739828738195570,1
588015509819228215,1
587735665844289599,1
587742189371588767,1
588017702949617905,1
588013383259193645,1
587738065652547883,1
587741534393663617,1
587741532790653021,1
588017724397322520,1
588017605226070086,1
587733080274174109,1
587736812861718748,1
587741708345409678,1
587729158440681740,1
588007005261070519,1
587738946144239776,1
587722982297698726,1
587726102556508283,1
588023669702983764,1
587731187276578948,1
587742013267050554,1
588298664120615016,1
587742061088080026,1
587735241176645848,1
587738574068908220,1
588848900991484058,1
587739407337914579,1
587736586046079351,1
588017625629720686,1
587736916216250546,1
588023670241296589,1
587733442124447976,1
588015507661455513,1
587734894357643436,1
587732583130857683,1
588010360157896902,1
587726033338302576,1
587736586042409151,1
587725551751594080,1
587731870707220586,1
587736546315272208,1
587732702320656395,1
587732770524954731,1
587738615946150008,1
588848900438425604,1
587733081348440171,1
587741726043603093,1
587728677391171642,1
587736545773748417,1
587733081891602539,1
587742567320322124,1
588017603608838250,1
587735743154290753,1
587733399714267276,1
587742060533317786,1
587736975809118511,1
587731522816835725,1
587733603182051449,1
587735347491373225,1
587739720301346844,1
588017724401516625,1
587739098069074081,1
587733442129035602,1
587731513684000782,1
587736975815344586,1
587725041170251974,1
587741490887721540,1
588298664120811757,1
587738196651213069,1
587731513681314010,1
587733080810782889,1
587725576426487945,1
588017704015954074,1
587742774556688448,1
587735346962104505,1
587739295625183317,1
587731913109733523,1
587739506077663266,1
587731868552069278,1
588017949893787776,1
587736782539259991,1
587729387143233683,1
587731511538352270,1
587732483833200816,1
587732483276406861,1
587736618786029774,1
587742551212294335,1
588023046947536921,1
587737810651250752,1
587728949052637237,1
587739630096613546,1
587733399178510462,1
587732771576938636,1
587745243624177806,1
587725491062505799,1
587742012761833600,1
587745245234004199,1
587729160577351813,1
587725040095396049,1
587739828212662601,1
587739506088542360,1
587739096985174129,1
587735347486982385,1
587728309103558697,1
587738197196341376,1
588009372302180400,1
587731512078631006,1
587735695367208997,1
588848898849112176,1
588011216989061267,1
587742013811261490,1
588017704013791391,1
587736478673600904,1
588015508739915805,1
587738947221455012,1
587741726043799662,1
587733081352896642,1
587739114707026119,1
587735241172844724,1
587732582055673865,1
587739720306065589,1
588007004171796560,1
587741726579359816,1
587729753278316763,1
588295842860040271,1
587733410990784636,1
588017719570399425,1
587731890579898543,1
587739295623741568,1
587738411409342491,1
587734622711382199,1
587736942526136608,1
587735695379529846,1
588011217522786455,1
588297864190623826,1
588017990149931108,1
587741819991032031,1
588017978907164854,1
587736584974238006,1
587731512078893106,1
587734950199427218,1
588023669706260563,1
587735664773759054,1
587744638024876564,1
587731889507074124,1
587726033856888961,1
588017702408159409,1
588017702393282676,1
587739304225275963,1
588016891177205931,1
587745244692349212,1
588017990161334484,1
587725591459201335,1
588018055660372138,1
588018054577782960,1
587741817321619566,1
587733433534054424,1
588016879367487697,1
587722982832865628,1
587734622171168831,1
587736919433281731,1
587742061090570451,1
587742863136718922,1
587739132960702666,1
588015508219166879,1
588018090548724091,1
587738065656349000,1
588017566560354392,1
587739814245499168,1
587729386620387410,1
587732701800562729,1
587729157893259355,1
588017604698636410,1
587729409148256445,1
587725490523865271,1
588016878828978393,1
588010880369098848,1
587741721214451830,1
587732702324392198,1
587742627989159950,1
587741387272356480,1
587741489830297769,1
587739845387812993,1
587735666930483602,1
587725816424628347,1
588010358549774453,1
587731891649511439,1
587728906636493007,1
587735236881613058,1
587729227688575070,1
587736478673076633,1
588023722321641548,1
587742551749361835,1
587741603099770951,1
587728880878551045,1
587741602038087868,1
587730847963480387,1
587725551210528942,1
587735743697256603,1
587741490354717106,1
587728905565766025,1
587725589310865732,1
588018056204059196,1
587738617566134414,1
587726032239788210,1
587739407855714430,1
587742627453272258,1
588017979966292066,1
587735661015138464,1
587742627445866675,1
587736479206146241,1
587733409908785213,1
587732484904386627,1
587739608626561117,1
588017990695583836,1
587739408387997717,1
588015509816082583,1
587738947731718562,1
587728669342957845,1
587725816954880193,1
588017604159275092,1
587741532240937117,1
587735662085734527,1
587741720673190032,1
587736964532207778,1
588017979952791668,1
587741820529541282,1
588017730836430950,1
588013383793967544,1
588017719571972194,1
587736546854830456,1
587741600420659267,1
587738617560301664,1
587739384742543754,1
587732136997421077,1
587731186744230004,1
588010136266342441,1
587731869635641415,1
588011124653293646,1
587739407313141934,1
588297864728281166,1
588013383278657669,1
587733397563768968,1
588023669713010883,1
587731874460926350,1
587729776905486570,1
587745540512678087,1
587738410324852772,1
588018089471312145,1
587742189906296945,1
587735428546494576,1
587739406790230125,1
587739811028402366,1
587739098603258008,1
587726016146440242,1
587732582056722524,1
587739809951776997,1
587732484367712417,1
587739843769335821,1
587730022257721569,1
587741708343902277,1
587742061621280917,1
587736524835717360,1
587728880873177233,1
587745539435790605,1
588015508191445089,1
587742568397144228,1
587730021722423461,1
587742572150390941,1
587732053778694254,1
587728669341712560,1
587733604804526169,1
587742578068226220,1
587725775604023616,1
587739377243062367,1
587738570578526254,1
587741725503062177,1
588016892783493225,1
587725502871240805,1
587741391030190319,1
587731886273200293,1
587730021720785051,1
587736546315206768,1
587733080274043068,1
587739845387485357,1
588848901512298611,1
587728949588983940,1
587739719751630974,1
587729971792380145,1
587736524294652155,1
587733441589477670,1
588848901001510958,1
587739377775149218,1
587731173306531972,1
587736753011229143,1
587735662089797762,1
587741720678891662,1
587732483289710749,1
588013383264698654,1
587731521739620550,1
587741490358386975,1
588015508220739819,1
587741727111970934,1
587738617022316609,1
587734892751159405,1
587731173842682824,1
588015507678757113,1
587739157116616806,1
587741602021769287,1
587742062158217353,1
587729776916431286,1
587739115246649400,1
587739305286762590,1
588023720711159947,1
587735349633614022,1
587729777988534496,1
588017977805504747,1
588023668632715418,1
587741531707342966,1
587732053243592880,1
587741533857972269,1
587734949657706667,1
588018090548985932,1
588010359079501867,1
588017702410518710,1
588297863653294194,1
587728947975749772,1
587725040100966536,1
587732589572128888,1
587732589569507458,1
587739709017948208,1
587735347490914540,1
588017977834275015,1
587742014915084399,1
587731514220478636,1
587742062671691913,1
587742774558195782,1
588017571386753157,1
587739458834530545,1
587742549612560508,1
587729777984405702,1
587731869633675388,1
587729158432620734,1
587736619858460680,1
587732703938871352,1
587742863677915183,1
587739845389713673,1
587731187806240892,1
587729751132012825,1
587736976885154103,1
587742190448279748,1
588017979970158797,1
587725469052698697,1
588015509828075739,1
588009367473225802,1
587741602039005241,1
587730021717246180,1
588015508750729336,1
587741491447267405,1
588295841245167763,1
587729154670657641,1
587741709951828081,1
587722983907000572,1
587736584965652720,1
588023047471956384,1
588017979447181476,1
587731187277299784,1
587730022259032221,1
588023045861736789,1
587732703397085416,1
587726014004330748,1
588023047469400525,1
587733079199514734,1
587725491064537315,1
587741725507387546,1
587736897965785436,1
587741829658837210,1
588848899377397911,1
587741489291067558,1
587741722286424180,1
587742061059571816,1
587738409258647615,1
587739810488909894,1
587738410861658321,1
587732771052322953,1
587739376692625696,1
587739609155109006,1
587742627454189763,1
587739377775280289,1
587735743692800203,1
587742190991441936,1
587742572687327330,1
587733441050116306,1
587739810486222971,1
587742576985243683,1
587722983895924839,1
587739707420049591,1
587731187812925621,1
587726016149651617,1
587741708881428533,1
587738409796042942,1
587735662082130005,1
587732579385475195,1
587729158968770835,1
587745403076804756,1
588017702947127594,1
588017979434598522,1
587733412068720859,1
588010136265687286,1
587735665845403787,1
587735348020969687,1
587741710492827726,1
588010359609819280,1
587732582051283044,1
588018055116554334,1
587741830192365766,1
587742775638687824,1
587735744222527528,1
588295842859516039,1
587735349644099610,1
588007004161573144,1
587726031697412111,1
587736618250141980,1
587742575904817237,1
587736942530003003,1
587739607554457654,1
587732482760900737,1
587738195579896066,1
588011103181209738,1
587741727110987948,1
587726032775217335,1
587728949587804244,1
588007005805871409,1
587731891114672302,1
587739811037184378,1
588017702397345942,1
587741491445825662,1
587741603109797916,1
587736975808921946,1
587735662622605395,1
587739377229496527,1
588017978913718600,1
588017704539848847,1
587732153107218604,1
588015509813133373,1
587731513149358169,1
587742572687720520,1
588013382719111455,1
587731887342158245,1
587728949587869796,1
587729776373727332,1
587741602035073175,1
587738952033304694,1
587739630096744534,1
587739377244700799,1
588011219135561902,1
587741390495154327,1
587733080814583969,1
587745243085930593,1
587738411398922357,1
587731511533830192,1
587741489281892589,1
587735236881809749,1
587739706333528163,1
587736916762362003,1
587732469849194744,1
587738950957596806,1
587729971793428774,1
587741727112102072,1
587736542026072439,1
587733080814256255,1
588007004709585001,1
587741709415088297,1
587746210521022659,1
587742775630692537,1
587726100946157750,1
587734893827784826,1
587739720310915397,1
587739827670351893,1
587739304757035096,1
587742774553804884,1
587736586042277899,1
587741601485684841,1
588016840173158691,1
587733412067672088,1
587741602563948681,1
587736543633670385,1
587739815852704121,1
587732483818717287,1
588011218064048368,1
587728931880960143,1
588017702408749228,1
587739719216922635,1
587736541490708803,1
588848899927703778,1
587728931344220283,1
587735743152128322,1
588013384347680903,1
587742061070712994,1
587735696988242048,1
588295841787805828,1
587741533326606351,1
588298662504235224,1
587739406805500052,1
587739607558717523,1
587742014910628023,1
588009366405972126,1
587736782002651484,1
587736915149193266,1
587735241718104208,1
587728879270559896,1
587736898503639075,1
587745403607646461,1
588015508218249317,1
587732157387899164,1
587726100947796185,1
587736586580459737,1
587737810641944899,1
587739651032678616,1
587739810490220674,1
587734689816838204,1
587739166776295775,1
587742550142746785,1
587731499184160996,1
588017627773599833,1
587739157648441566,1
587739809952366717,1
587741490374967435,1
587739607553605761,1
587733398105555259,1
587738195044597889,1
587742567326679091,1
587741727655854225,1
587736543086444752,1
587736919431774556,1
587732582051348525,1
587741600417120413,1
588017626151256205,1
587725471208112379,1
588015508210122861,1
587726033878319271,1
587732154182336616,1
588017603603202183,1
587742190449262717,1
587738066732843304,1
587733080804229273,1
587739408409821356,1
587742902326591636,1
588007005780377791,1
588017992314061166,1
588018091082121399,1
588009370687832178,1
588848900460052632,1
588017978372391152,1
587728308031455419,1
587727867255521523,1
587731500261113874,1
588011124119109771,1
587742774014640136,1
588015508195836021,1
588017977828966449,1
587725471203655965,1
587739408396189899,1
587730023864205464,1
587741829657985146,1
587739295089164424,1
587732772670013576,1
587742610276024740,1
587739505013227601,1
587739459369369781,1
587739607554064516,1
587738574606172316,1
588017979949383840,1
587731512081580233,1
587730021717704874,1
588298663585317048,1
587741710492172467,1
587731513142608083,1
587729387675648150,1
587733440515998080,1
588017726543954155,1
587739376169975925,1
588017949356851302,1
587736585508618498,1
587741566050369539,1
587735241713451220,1
587736545776632076,1
587736809379004550,1
587731868013822052,1
587735742613487866,1
587733397028536504,1
588017111829774370,1
588017703486750732,1
587742062163525844,1
587736584972009522,1
588010360155799737,1
588017704017592570,1
587741386738958620,1
587745539439722784,1
587742614559195365,1
587738372746051629,1
587736946276040934,1
587745243632369696,1
587739811038625889,1
587739720832385129,1
587742578054529107,1
588017569242546279,1
587739827677233416,1
587725816405622989,1
587736619863441808,1
588011123579945072,1
587728880330670166,1
588017603622273171,1
587739648358547652,1
587745970001346772,1
587732771594567872,1
587727866179551635,1
587739809951580365,1
587731186724700523,1
587731520137986154,1
587732135378092157,1
587736586575085780,1
587732771056582790,1
588017977836830913,1
587725471208898771,1
587732771047079995,1
587739651033923785,1
587739407337455907,1
588017111833444467,1
587724649790898233,1
587741489831084125,1
587733398648062039,1
587738065656545616,1
587745244154757486,1
587737810644173012,1
588023045870649383,1
588848900980867086,1
587741726582702172,1
587741603112157297,1
587732484889247883,1
587724649257042114,1
587725993575121067,1
587732702869454982,1
588017978367279316,1
588017947745845354,1
587739828750123371,1
587736783605727533,1
587742013280157803,1
587741532790390871,1
587722982823559383,1
587729778512822508,1
587735742621286560,1
587741602022490226,1
587742572688179391,1
587742576443326566,1
587739646211719297,1
587742903937335342,1
587731869633806389,1
587738572458950828,1
587736524838338930,1
588017113977782399,1
587736919436689877,1
588017111824728169,1
587738570859610165,1
587739377237622842,1
587736619864883457,1
587733604254220416,1
588023240743518228,1
587739406803009821,1
588848899358261608,1
587745244692480255,1
587738569785082166,1
587729776375890238,1
587736783605727477,1
587739131351007431,1
587732701785030700,1
587727866716094949,1
588016890638696597,1
587732482739339410,1
588017977821102188,1
587742013293854772,1
588017978911817806,1
587727944030027969,1
587735666385617078,1
587739407841165563,1
588015507660210255,1
588010359620436109,1
588010360144330874,1
587745244153708965,1
588848900982309108,1
587736916217757888,1
587739809948827746,1
587728308561641584,1
588017702414451004,1
588848899392929973,1
587728917372010617,1
588010360138957094,1
587742573224984713,1
588017569240514734,1
587734893292224561,1
587741533303603554,1
587728309634793636,1
587745403071627558,1
588017565485564020,1
588017979415658627,1
588023720173371627,1
587725589847933241,1
588017605769625755,1
587739504478585063,1
587741421632881087,1
587735490819129558,1
587728668801827035,1
587741421642383565,1
587741489835540606,1
588016879363424344,1
588018090008051904,1
587725550659633284,1
587739131888861362,1
588017725476503632,1
588017725480632521,1
588010879840747681,1
587739115780636923,1
587742572687392864,1
587736916223459671,1
587735489208057981,1
588017721181208701,1
587733080819761260,1
587739827679396419,1
588010359065411770,1
587742013821026484,1
587732701783064767,1
587736543094309099,1
587729777439473775,1
587725075526451575,1
587732152032100407,1
587739304218001571,1
588297863120224352,1
587733608549318873,1
587741490361401602,1
588017725473751183,1
587738570849386646,1
587734622173659198,1
587742550675488940,1
587741391036153949,1
587742013826400276,1
587736940375638184,1
588015509813919860,1
587731514217398382,1
588848899366387842,1
587741828580114682,1
587722983373799833,1
587729227153866865,1
587732578849456135,1
587729746839994638,1
588017978914439235,1
588013382184993063,1
587739809948106776,1
587731513694879927,1
588848900968743207,1
587734893285867623,1
587738411944181854,1
587728309103427737,1
588017977836634272,1
587729386077814798,1
587741532230123886,1
587729773147979886,1
587731511538614406,1
587738950420267121,1
587736478125129867,1
588017116131688481,1
588848899915120772,1
587739610232586302,1
588017726552015023,1
587742061625081861,1
587736898498199747,1
587739375631728662,1
587726031698657312,1
587725552283877471,1
587739720314126353,1
588018055120093240,1
587733604270538933,1
588011099408826487,1
588010136266604657,1
587739843773857915,1
587730021177950276,1
587735665317052530,1
587738947219423371,1
587739609701613685,1
587741533307273448,1
587729751674192403,1
587722983355842686,1
588017725468442730,1
587742191524118616,1
587742190451884158,1
587729158981877839,1
587739407835922560,1
588010358536274079,1
587726016690126908,1
587739380453277832,1
588011217529995386,1
587738195049447679,1
587729773682229459,1
587742062133837924,1
587735428543479865,1
587731499185799268,1
587741815713759377,1
587732135378419797,1
587735665854709813,1
587735043080061211,1
587739814244123006,1
587739827666419904,1
587731500257247401,1
587729773144637663,1
587735344801841305,1
587732483804430385,1
587735665853530334,1
588010137339429071,1
587725471206539404,1
587739809950073021,1
587739811026305291,1
587737810643910927,1
588015509267677194,1
588011124121469099,1
587738570321690878,1
587742013819256903,1
587739376171679754,1
587738946661777698,1
587742013282451525,1
587736807767212173,1
587741534400807085,1
587742629597348004,1
587731187809845372,1
587742627983851568,1
587735742616043608,1
587733441591771554,1
587744873718612238,1
587739132416557378,1
587731173842026987,1
588015508742799530,1
587734305954726107,1
587732482221736047,1
588017978354499598,1
587741421641072822,1
587736542562615647,1
587742191513174136,1
587731521199669532,1
587742864747659359,1
587742891046469897,1
587739810484781203,1
587738947212673129,1
587742550678569099,1
587742551210393789,1
587735241718497348,1
587729155209953345,1
587742014368907518,1
587739506085920804,1
587736543352848656,1
588017948274131099,1
587741532249653343,1
588017704549548095,1
587732483814129906,1
587741490913214545,1
587742903937007691,1
587731186736234518,1
587725994113958142,1
588018056183611584,1
587736807225360399,1
587742568397930688,1
587732134301728886,1
588007004191523025,1
587736542566154616,1
588017728688357528,1
587739405711835281,1
588015508203241620,1
588017109683601458,1
588017992304951543,1
587742060531482715,1
587732134851510354,1
588848901000724562,1
587739407865676053,1
587739648347472059,1
587736476513402990,1
587739132953755876,1
588017110216671302,1
587728947975028903,1
587734893283573897,1
587735431226130460,1
587742610272026866,1
587725818032423074,1
588007003641479263,1
587725551215444068,1
587735695381102597,1
588016879901671714,1
588015509828468877,1
587739304760901792,1
587742014887493718,1
587741420567265300,1
587735490823389350,1
587731187266421074,1
587742901792997589,1
587742190434910321,1
587742551218192538,1
587739158194618384,1
587736920507679140,1
588848900437311821,1
588017947199733764,1
587742190447755321,1
588011097262850114,1
588297865804382261,1
587731501331251237,1
587733081348571286,1
587731521735950590,1
587729747911835926,1
588017605226922136,1
587732484346740938,1
587731173843337643,1
588009368009834708,1
587739153895456928,1
587739721902915587,1
587731868560195648,1
587732771571302657,1
587727942959824940,1
587735347494584447,1
588023047476740298,1
587729778516557832,1
587729386071392417,1
588848899386900676,1
587732772658282665,1
588017719576232009,1
587742575906979897,1
587729386611605596,1
587725550654128356,1
587731501337411723,1
587731185664655425,1
587741708872712381,1
587739720311570892,1
587730023333691727,1
588018056199078165,1
587732483825205260,1
587726032773447847,1
587725503408111766,1
587736963996844142,1
588017702393937982,1
588013382743359585,1
587729228227608758,1
587725818571325658,1
588023669169455169,1
587733411516842088,1
587742189913243800,1
588016892786901023,1
588015509294153948,1
587726015090458705,1
587736586050207931,1
587739504478584998,1
587729153599078485,1
587736525905395871,1
588013381672828975,1
587745539444965641,1
588848899372744835,1
587734841741869577,1
587739647819972658,1
588010879306760328,1
587726033312219243,1
587733610165633052,1
587739609160482931,1
588017702944178311,1
587742188835504254,1
587739132426715536,1
587739131879620711,1
587742903936090342,1
588298664118321358,1
587739706332872862,1
587744874784686426,1
588007005807444322,1
587738946677309452,1
587735348550173058,1
587739116317245651,1
587739098067828808,1
587742572686671886,1
587733397028732939,1
587732592519479444,1
588010880376045692,1
587736477057745014,1
587735742620958931,1
587742774554853545,1
587735665309188299,1
587725817479823505,1
587731520665419862,1
587732702860673261,1
587733609088352422,1
588017722250952879,1
587738067809402899,1
587732771061497983,1
587729972329709893,1
587732048403693604,1
588013382729400476,1
587739828199030942,1
587729386063265913,1
588007003644887122,1
587732483834314954,1
587739504467443843,1
587736782536900810,1
587732134306644085,1
587725470129651985,1
587739132415311962,1
587736541478650057,1
587742610265604241,1
587731187279528124,1
588017978375471266,1
587736915147555058,1
587742014893523103,1
587742611347996809,1
587738410865721519,1
587741532240347315,1
587736541490512188,1
587735348017168576,1
588017626149027940,1
587741386735681926,1
587738574607417542,1
587738568704524421,1
587741391568240914,1
587741602028716183,1
587739405717340253,1
588017713122246838,1
588017990694862949,1
587742611877855587,1
587744727686381602,1
587734891683381319,1
587731681193754794,1
587730022254444683,1
587726031708749844,1
587742190991114290,1
587739721367027777,1
588017112365269132,1
587733609089925437,1
588017702950731988,1
588017979434860680,1
587736586040049974,1
587738947218702381,1
587739828208533722,1
587742013279305878,1
587742629066571803,1
587739504475373661,1
587738950414303342,1
587726032256827533,1
587722984440922421,1
587739506623643665,1
587729387686264933,1
587742864214392907,1
587738196114145498,1
587736751933161580,1
587728879268528221,1
588015507671154846,1
587733399715709037,1
587739303150223529,1
587739376163619069,1
587726015088755039,1
587742576989765796,1
587739706881999051,1
587742773490221138,1
588017604678909995,1
587736808839118986,1
587739707944599689,1
588017979979858192,1
587732156315795551,1
587739706888684128,1
588297863110590578,1
587735695915155545,1
587731869098573948,1
588010358546694238,1
588017728691437614,1
587742611873529998,1
588017604151279713,1
588017991236911303,1
588010359069737154,1
587734305953677593,1
588017625628082336,1
587739844322001397,1
588016892251209836,1
587725491598852317,1
587731889505632399,1
587736479200116823,1
587733411530604763,1
587738196656783451,1
587732702334681123,1
588018056203600424,1
588017977829359785,1
587729751674651066,1
588023670244507762,1
587725818558349458,1
588017678766702758,1
587739130811580675,1
588017627227685037,1
588007003627651190,1
588016878822424891,1
587742061088997421,1
587739707421098300,1
587741722283212869,1
587725491062899106,1
588017991760281768,1
587732592252682383,1
587741709954252965,1
587736543635308716,1
587732702875156609,1
587729408076415063,1
587732136458518691,1
587738947205857495,1
587736782537359716,1
587738570324312307,1
588017949365764274,1
587736976889807049,1
587742576984653903,1
587735430151602341,1
587739406249099328,1
588298663582892190,1
587732484362338425,1
587742774551380040,1
587745403079885024,1
587733398643212373,1
587739303675953379,1
587726015626936666,1
588017722256916611,1
588848898847211646,1
587736583887913068,1
587728917913927905,1
587739810498544027,1
587731872851755031,1
588848899933601825,1
587726015091835060,1
587739458839380136,1
588017721188155524,1
588017712047587490,1
588017605238915235,1
587739845384929370,1
587735348548206871,1
588018252681052333,1
587739719771095167,1
587728676859478146,1
587739707951284257,1
587742609730109598,1
587726033845354576,1
587745243621818546,1
587725552819109988,1
587738196116504784,1
587733079203119194,1
587739133488070838,1
587741533328769133,1
587732582052724906,1
587733399182246021,1
587741531707736212,1
587741829657460747,1
587729386068836486,1
588016892782772441,1
588017702951846099,1
587726100410269818,1
587742059996905528,1
587739376171614294,1
587733195161337976,1
588017626159054944,1
588007005777887396,1
587733605345132851,1
587739844849238130,1
588010359080812624,1
588016877756481668,1
588023045867896972,1
587731870706761883,1
587736543085396081,1
587736586055254228,1
587735349095170270,1
587742551759454526,1
588017725467590751,1
587729409146421433,1
587739407849029748,1
587726032265019471,1
587739166775312596,1
587741709942718596,1
588013381662605432,1
587733079195189356,1
587739706885603731,1
588298664114520158,1
587738946146336828,1
587741815710220480,1
587722983354007682,1
587741490892308784,1
587733609623912550,1
588017979976187966,1
587733441583644917,1
587736546313699368,1
587728949586165957,1
587739157112553673,1
587742567323992189,1
587739843774578822,1
587739295625773067,1
588018056202289434,1
587725040633053283,1
588848900464574673,1
587735666377490541,1
587741723357610125,1
587736753544298741,1
587736976882991354,1
587736619867963764,1
588015509290877116,1
587741727120359592,1
588015509276983461,1
587739385281118643,1
587731889504780441,1
587737810104680669,1
587729778513412330,1
588017702402785397,1
588010358530965787,1
587742061063897165,1
587731870167859316,1
588017713662918816,1
587733428698218621,1
587739376156541074,1
587732482746220626,1
588018056730771656,1
588017625080332444,1
587732484886757471,1
587739154429116784,1
587732135915946102,1
587742610810470707,1
588010359085203506,1
588009366127378582,1
587734303267946722,1
587739303686111335,1
587725552814719151,1
587742614558212263,1
587745539981967534,1
587731513147981960,1
587739827129876632,1
587742062679687305,1
587732483274571793,1
587739382062448862,1
587739303677198449,1
587725816406016175,1
587732483295477807,1
588298662504366109,1
587731187806961792,1
587726014552604815,1
588013382205243604,1
588018056182235265,1
587741830193021050,1
587742061598081033,1
587736478136271220,1
587724649255665885,1
587742012743548953,1
587741602568798359,1
587725551728525413,1
587741387275305303,1
588017978916536661,1
587736752465903802,1
588017702388891731,1
587744874786259140,1
587739721907830899,1
587739648356712561,1
587736942528102505,1
587726033331159227,1
587742014900011223,1
588015510361538621,1
587738617021595802,1
587725551199977587,1
587729971787333834,1
587737809030479896,1
587736542558683370,1
587739131882242115,1
587733412053254258,1
587730847428182531,1
587736919437869516,1
587733441044807792,1
587742549602140335,1
588023047475560720,1
588007004719939759,1
587736541490708815,1
588013383805632606,1
588023720170422465,1
587739304752054391,1
587736584440446998,1
587726031715893439,1
587742551224287570,1
587739294551441499,1
588848901002952877,1
588018055668302362,1
587733428159578329,1
587739304214003862,1
587735696989552701,1
588297864194818166,1
587739303683096703,1
587729407537184947,1
587736976883187981,1
587737810102190428,1
587742061617938558,1
588010879308791978,1
587742060557042032,1
587724649791881408,1
587725039027224738,1
587739844846616704,1
588848900436918347,1
587741533313892516,1
587736543630131336,1
587738195043221711,1
587741532789211171,1
587726014004461677,1
588007005238722653,1
588017705078554670,1
587739651034120428,1
587725817488080946,1
587735348575338623,1
587744874790912190,1
587738946659221824,1
587738573532495894,1
587741532256600245,1
588297865264496758,1
588010358538436820,1
587733431921672271,1
587732577775452388,1
587735742078517492,1
588017703487602987,1
587736915687768289,1
587742014911086793,1
587738570311073972,1
587741490895520003,1
587739116315345022,1
587732702854447385,1
587732054317531269,1
587742012742434930,1
587725552811966589,1
587739811560161312,1
588017704020541698,1
588848900439474444,1
587731679043911735,1
588023668097548301,1
587739304751202443,1
587742189380436135,1
587732772117807258,1
587742188831113379,1
587732701786800250,1
588007005269262726,1
587735348555874554,1
587736945742184862,1
587739408384852063,1
587742061098172836,1
588017978882719903,1
587729386071588980,1
587741533310353470,1
587735240104476776,1
587735663162884184,1
588009368010096795,1
587738572994773075,1
587738568173551674,1
587738570855546969,1
588297865266331677,1
587739827676119387,1
587739811568746663,1
588011122503319695,1
587739457227522181,1
587745402531873041,1
587738195573604827,1
587739407863054551,1
588017721175769224,1
588017978895761514,1
587729408079954123,1
587742572685295724,1
587736942529806385,1
587728307493535906,1
587732771061563517,1
587742550145368249,1
587731521748271195,1
587738372205445609,1
587728930265759836,1
587739721373712569,1
587742956008701967,1
587734623783813234,1
588017991775814052,1
587739608635474032,1
587725817483362369,1
587736542557044885,1
587742774560358480,1
588017978908213400,1
587741602026029202,1
588017979957051522,1
587731185654694175,1
588011102107467873,1
587739845386567926,1
587736941450952918,1
587735043616014369,1
587741491448971415,1
587729387152343108,1
587725469062463558,1
587742592547291213,1
587738195576619298,1
587729157903351980,1
587744729298632824,1
588017948287172762,1
588017979422146721,1
587741391034777703,1
587731522815983870,1
587735343721414811,1
587735489745911977,1
587737808493281475,1
587741603100360824,1
587742189903872146,1
587737809564532783,1
587742775102734466,1
587736547384819768,1
587732483269525742,1
587739158192390287,1
588017721174917303,1
588023668628324431,1
587732702870110352,1
587742014374805762,1
588007005257662593,1
587742061623312585,1
587729971788972297,1
587741828043309232,1
587729971788578943,1
587739506079301824,1
587742627445801115,1
587731512613208217,1
588017704559706394,1
587739153352098218,1
587731186724241529,1
588018253219037293,1
587726015078400253,1
588010880378404942,1
587733604258742503,1
587729154670657601,1
588017115052376152,1
588013383818608881,1
588017726547755065,1
587729971787727036,1
587725075531825312,1
587741533324640360,1
587725775602778481,1
587736618793435696,1
588017979949121652,1
587733605330583798,1
587734690889138375,1
587736477055910157,1
587742612411580564,1
588017704021524744,1
587726033318117592,1
587738568164507846,1
588017705074032700,1
587739706868826289,1
587739406795014340,1
587733440516522253,1
587732482746482713,1
587742062143864976,1
587741491442352286,1
588017603601563667,1
587729409688207398,1
587738947745742984,1
588017702406848687,1
587731172769792668,1
587728931344220295,1
588010359076618336,1
587725818560970859,1
587741707808276559,1
587734303808290913,1
587733441044480040,1
587736915680952589,1
588017991773520099,1
587739610243334230,1
587742569193603293,1
587737808501080141,1
587741722826244233,1
588848901519114347,1
588018055127564682,1
587739406779089048,1
587739406805827905,1
587731185667997762,1
588017724937994419,1
587733398113288457,1
587738570323918904,1
587732136995586131,1
587737809035919492,1
587734892754174102,1
587741532236349686,1
587742061066780761,1
588023046946226344,1
587738569786982415,1
587732054310584783,1
587741727124488312,1
587738950958645396,1
588013382740607187,1
587738570313040066,1
587725473880604842,1
587731868560523350,1
588017712582623420,1
587742012735094798,1
587736542013685926,1
587736620401688862,1
587736477593501713,1
587736584977449362,1
587732771033710922,1
587738948288708627,1
587728906638983518,1
587733080280596663,1
587739377774428309,1
588017947738833028,1
587741600425967618,1
587722983892648021,1
588010359624827044,1
588010878224236683,1
587732581520048334,1
587738371669950817,1
587732582592938158,1
587732153104728152,1
587745244165046419,1
587732135386873979,1
587726016158826512,1
587736919432167635,1
588017726004396191,1
587732702852088210,1
588018090544398583,1
587742903939236036,1
588018253756629144,1
587736547382853974,1
587736964533649520,1
587732770507063445,1
587742611342033219,1
587736542030004765,1
588017567100764339,1
588017627767373982,1
588017604145971322,1
587726015627002075,1
587733431924687219,1
587726032265281798,1
587736916221362276,1
587742772955578451,1
588010878766022725,1
588848898842820814,1
587725817477857285,1
587732484366729364,1
587732770506014962,1
587729752741576991,1
587745539437822055,1
587741815177609438,1
587732701790863526,1
587729970179997954,1
588010137340739759,1
587739719762575364,1
587735695368781971,1
587728932411146361,1
588009366935044202,1
588848900469817592,1
587739381521186890,1
588017979434598507,1
587739381527544003,1
587739707952005311,1
587729233589305612,1
588017725469753551,1
588023046941573141,1
587725468523102256,1
587742060551405755,1
587739304757231689,1
587722983909621922,1
587742578054594698,1
588298664121008317,1
587742062139277451,1
588011216985325668,1
587731187274350834,1
587733609627189601,1
587731521198031230,1
588011218062213214,1
587733609090580686,1
588013382728679652,1
587729386618355853,1
587738410333307050,1
588017990159564957,1
588023046406602889,1
588013383818281123,1
587726015620186273,1
587745403615772755,1
587733610163208457,1
587739407872884797,1
587737825147027602,1
587739114698768599,1
588015509274427583,1
587742611884081481,1
587742864741892251,1
588017725468311653,1
587735348027392067,1
587725817497845955,1
587739647280021621,1
588017977821692002,1
587737807960408300,1
588017627244658939,1
587742014343872629,1
587741533856727155,1
587733432462213170,1
587742578065473805,1
587731889504976954,1
587742015433474070,1
587736975274475701,1
587741533327458356,1
587738946134736971,1
587739153355571385,1
587739809958068559,1
587736941982777562,1
587736753006248176,1
587736586575413336,1
587731512616878087,1
588017702957810046,1
587734623241240786,1
587742610262393060,1
587739295626363003,1
587729751669014783,1
588017626168754343,1
588023668631535783,1
587732482746286200,1
587738570322411544,1
587728947976142992,1
588848901528158369,1
587738565479825984,1
587742576440901798,1
587742627987718194,1
588017730306113586,1
588017116665610380,1
587741707798446220,1
587733431923835334,1
587738570318479472,1
588018056196522290,1
587728918984261783,1
587735349648883756,1
588017990689751059,1
587731185115988249,1
587729387683643434,1
588015508757020867,1
587725551196766406,1
588848899926720594,1
587741828045406329,1
587734623781847183,1
587732591182872687,1
587736813135200516,1
587739707421098317,1
587735348019200292,1
587733410454765758,1
587729777984733407,1
587735694836826283,1
587728307489472637,1
587737826755281132,1
587732702326685867,1
587739647274057808,1
588017991774306653,1
587742062694957226,1
587728931339370518,1
587739827136233580,1
587734892751159412,1
587741816780423385,1
587736478135615765,1
587737826214084646,1
587736546313043978,1
587741602569781364,1
587739406803534025,1
588023047475364126,1
588298662507512050,1
587736753540235524,1
587742575908552899,1
587736542548066404,1
587725469595009170,1
587742012742762579,1
587745403068481983,1
588298664650080330,1
587729774759313429,1
587731512085381209,1
587732483831169044,1
587742592547618949,1
587728666116686066,1
587728931879911602,1
588023668636057811,1
587725551731736880,1
587738952566636577,1
587732576702431284,1
588297865793634431,1
587730847423791750,1
588017990701809828,1
587739377230414160,1
587733398097494176,1
588009370152796257,1
587731886273790077,1
588013383804059758,1
587728881408475289,1
587739131887747308,1
588017703486423046,1
587742061618856029,1
587722982827163944,1
587742190442053747,1
587725074989187409,1
588017605220761664,1
587741708866683154,1
587733604806820293,1
587742062128857143,1
587739132426715469,1
587735666392105373,1
588010135191093287,1
587733429235024047,1
587739407341519042,1
587727943495057521,1
587742551225139596,1
588016879367028949,1
588017979980644449,1
587733399175036931,1
587739407867379723,1
587736543099748812,1
587725470135419012,1
587735342655275021,1
587734304879214830,1
587736545239368150,1
587731185129095320,1
587731870171529294,1
588015507679346805,1
587731499182522462,1
588010359624630349,1
587728307488489495,1
587734894362492984,1
587742903405510779,1
588848899382116458,1
587730022252544178,1
587732578302427284,1
587732581519065230,1
587738948294738029,2
587736940914081855,2
587735348573896849,2
587726014554636629,2
588013382718324989,2
588013382721208796,2
588848899389522032,2
588010879306236089,2
587739132962668683,2
588017730305458208,2
588010878770020496,2
587739720305737837,2
587726014554702078,2
587736812595183684,2
588010880364707849,2
588011122502336541,2
587729158434062487,2
587722982290620479,2
587739380996964576,2
587735348548468749,2
587741709953597468,2
587732701259628661,2
588017603599990941,2
587729781467316737,2
587725041702469675,2
587736543625150556,2
587725818026524676,2
588007004198863224,2
588017627783364868,2
587729386061561998,2
587729386061627642,2
587732701259694189,2
587742190976499773,2
588010879306170548,2
587742010045235353,2
587735742078058574,2
587736945742381151,2
588017627783299332,2
588848899359375432,2
588017702952960310,2
587725471205556424,2
588848899389456617,2
587735661551943710,2
587736479207391416,2
587728906098180522,2
587731513690816599,2
587732701779591279,2
587725577498591551,2
588017710975156345,2
587739405698859038,2
587732053773910272,2
587734622169268235,2
587739719217250413,2
587732484904124593,2
587725471205556327,2
588848899389456658,2
587742060533252132,2
587733410446049322,2
587739405709934624,2
587732157392683251,2
587732701259759718,2
587725471205490852,2
588015509825716346,2
587734949121032388,2
587729386061627701,2
587736619329651020,2
588848899389456487,2
587728931333013972,2
587726031691317440,2
588013382721142962,2
587735044151312420,2
587726100416692571,2
587742013274325004,2
587736945742381457,2
588023045866717221,2
588013382718259801,2
587741490906464267,2
587732701259759740,2
587742550155984946,2
587733441592951123,2
587736976885481585,2
588017978377306324,2
587729751674847358,2
587744638561681712,2
587738196121223244,2
587745539971088466,2
587742773489107018,2
588010879306301459,2
588013382718325328,2
587742865817010203,2
587742014914887783,2
588007006334484579,2
588017726012653729,2
587739827679395959,2
588015509825716307,2
588017627783299340,2
588017704562852063,2
587739115777097786,2
587741708336300056,2
588010879306235980,2
588017724394111043,2
587726033322246168,2
588010879306235941,2
588015509825650890,2
587733441054900322,2
588010878770020490,2
587728906098180287,2
587725980154265692,2
587729387686068315,2
588017726012588264,2
587736900376527023,2
588010879306170542,2
587725074453561439,2
587725993039364238,2
587739815318978695,2
588017702952894724,2
587745539445293129,2
587739504469999635,2
587728669337321620,2
587741600956088325,2
588013382718325277,2
587739130805944361,2
587739157647065155,2
587736900376526998,2
587728931332948214,2
587735043606839341,2
587729157907939465,2
